plantID,round,year,month,day,#bloom_flwheads,head1,head1_RF,head2,head2_RF,head3,head3_RF,head4,head4_RF,head5,head5_RF,#pre_flwheads,#post_flwheads,#stems,#stigma,observer,entered by,Column 18
1UB,NA,2018,July,9,10,6,F,24,R,36,R,48,R,1,F,2,NA,,,,,
3B,5,2018,July,26,3,36,R,30,R,36,R,0,0,0,0,2,0,5,9,"GP, MR",ED,
9B,5,2018,July,26,5,12,R,1,F,3,F,2,F,4,F,0,5,4,11,"GP, MR",ED,
8B,5,2018,July,26,0,0,0,0,0,0,0,0,0,0,0,0,2,2,0,"GP, MR",ED,
7B,5,2018,July,26,0,0,0,0,0,0,0,0,0,0,0,0,2,2,0,"GP, MR",ED,
4B,5,2018,July,26,6,24,R,30,R,24,R,36,R,18,R,0,0,2,12,"GP, MR",ED,
31B,5,2018,July,26,1,30,R,0,0,0,0,0,0,0,0,0,0,1,3,"GP, MR",ED,
2B,5,2018,July,26,0,0,0,0,0,0,0,0,0,0,0,0,3,3,0,"GP, MR",ED,
1B,5,2018,July,26,0,0,0,0,0,0,0,0,0,0,0,0,4,3,0,"GP, MR",ED,
6B,5,2018,July,26,17,24,R,12,R,36,R,24,R,12,R,0,0,6,9,"GP, MR",ED,
10B,5,2018,July,26,10,24,R,12,R,24,R,24,R,24,R,0,1,2,9,"GP, MR",ED,
31UB,5,2018,July,26,2,24,R,24,R,0,0,0,0,0,0,1,0,4,4,"GP, MR",ED,
32UB,5,2018,July,26,1,30,R,0,0,0,0,0,0,0,0,0,0,1,3,"GP, MR",ED,
1UB,5,2018,July,26,17,12,R,24,R,24,R,24,R,24,R,0,0,6,9,"GP, MR",ED,
29B,3,2018,July,21,1,12,R,0,0,0,0,0,0,0,0,2,0,4,1,GP,ED,
30B,3,2018,July,21,1,36,R,0,0,0,0,0,0,0,0,4,0,2,3,GP,ED,
28B,3,2018,July,21,0,0,0,0,0,0,0,0,0,0,0,1,0,1,0,GP,ED,
26B,3,2018,July,21,1,36,R,0,0,0,0,0,0,0,0,1,0,2,3,GP,ED,
24B,3,2018,July,21,0,0,0,0,0,0,0,0,0,0,0,0,2,2,0,GP,ED,
23B,3,2018,July,21,2,18,R,24,R,0,0,0,0,0,0,5,0,2,3,GP,ED,
25B,3,2018,July,21,3,18,R,18,R,15,R,0,0,0,0,0,0,3,3,GP,ED,
22B,3,2018,July,21,2,36,R,30,R,0,0,0,0,0,0,0,0,2,5,GP,ED,
21B,3,2018,July,21,1,18,R,0,0,0,0,0,0,0,0,0,0,1,1,GP,ED,
27B,3,2018,July,21,1,48,R,0,0,0,0,0,0,0,0,3,0,1,4,GP,ED,
24UB,3,2018,July,21,3,7,F,12,R,18,R,0,0,0,0,4,0,8,3,GP,ED,
22UB,3,2018,July,21,1,24,R,0,0,0,0,0,0,0,0,0,0,1,2,GP,ED,
29UB,3,2018,July,21,9,8,F,7,F,2,F,7,F,12,R,0,2,5,5,GP,ED,
28UB,3,2018,July,21,12,12,R,12,R,24,R,18,R,24,R,0,1,4,7,GP,ED,
27UB,3,2018,July,21,2,48,R,30,R,0,0,0,0,0,0,3,0,4,6,GP,ED,
26UB,3,2018,July,21,1,12,R,0,0,0,0,0,0,0,0,0,0,1,1,GP,ED,
25UB,3,2018,July,21,8,12,R,24,R,12,R,18,R,30,R,1,0,3,7,GP,ED,
30UB,3,2018,July,21,2,24,R,6,F,0,0,0,0,0,0,0,0,1,3,GP,ED,
23UB,3,2018,July,21,0,0,0,0,0,0,0,0,0,0,0,0,9,9,0,GP,ED,
21UB,3,2018,July,21,0,0,0,0,0,0,0,0,0,0,0,0,4,4,0,GP,ED,
10B,3,2018,July,21,5,36,R,36,R,24,R,24,R,24,R,6,0,2,12,GP,ED,
1B,3,2018,July,21,4,36,R,24,R,24,R,12,R,0,0,0,0,3,8,GP,ED,
2B,3,2018,July,21,3,24,R,24,R,18,R,0,0,0,0,0,0,3,5,GP,ED,
6B,3,2018,July,21,6,18,R,24,R,30,R,36,R,36,R,11,0,6,11,GP,ED,
7B,3,2018,July,21,2,6,F,10,F,0,0,0,0,0,0,0,0,2,2,GP,ED,
8B,3,2018,July,21,2,5,F,12,R,0,0,0,0,0,0,0,0,2,2,GP,ED,
9B,3,2018,July,21,13,24,R,24,R,24,R,18,R,24,R,0,0,4,9,GP,ED,
5B,3,2018,July,21,5,1,F,24,R,8,F,18,R,24,R,0,0,5,7,GP,ED,
3B,3,2018,July,21,1,12,R,0,0,0,0,0,0,0,0,4,0,5,1,GP,ED,
4B,3,2018,July,21,2,12,R,18,R,0,0,0,0,0,0,4,0,2,2,GP,ED,
19UB,3,2018,July,21,12,12,R,12,R,12,R,12,R,12,R,2,1,8,5,AR,ED,
17UB,3,2018,July,21,2,12,R,24,R,0,0,0,0,0,0,1,0,3,3,AR,ED,
13UB,3,2018,July,21,0,0,0,0,0,0,0,0,0,0,0,1,0,1,0,AR,ED,
15UB,3,2017,July,21,8,12,R,12,R,12,R,12,R,12,R,4,0,3,5,AR,ED,@ collection all anthers eaten; AR 14Feb2019
16UB,3,2018,July,21,0,0,0,0,0,0,0,0,0,0,0,0,4,1,0,AR,ED,
14UB,3,2018,July,21,1,36,R,0,0,0,0,0,0,0,0,3,0,2,3,AR,ED,
18UB,3,2018,July,21,0,0,0,0,0,0,0,0,0,0,0,0,2,2,0,AR,ED,
20UB,3,2018,July,21,0,0,0,0,0,0,0,0,0,0,0,0,6,6,0,AR,ED,
12UB,3,2018,July,21,1,3,F,0,0,0,0,0,0,0,0,1,2,4,0,AR,ED,@ collection all stigma gone or eaten by predation
11UB,3,2018,July,21,2,12,R,6,F,0,0,0,0,0,0,0,0,2,2,AR,ED,
12B,3,2018,July,21,15,12,R,24,R,24,R,36,R,36,R,0,2,7,11,AR,ED,
11B,3,2018,July,21,2,12,R,24,R,0,0,0,0,0,0,1,0,2,3,AR,ED,
13B,3,2018,July,21,2,12,R,24,R,0,0,0,0,0,0,0,0,2,3,AR,ED,
14B,3,2018,July,21,2,24,R,24,R,0,0,0,0,0,0,2,0,4,4,AR,ED,
15B,3,2018,July,21,2,24,R,5,F,0,0,0,0,0,0,0,0,2,3,AR,ED,
17B,3,2018,July,21,1,18,R,0,0,0,0,0,0,0,0,1,0,1,2,AR,ED,
18B,3,2018,July,21,1,6,F,0,0,0,0,0,0,0,0,0,0,1,1,AR,ED,
16B,3,2018,July,21,4,12,R,12,R,12,R,12,R,0,0,6,0,4,4,AR,ED,
19B,3,2018,July,21,1,18,R,0,0,0,0,0,0,0,0,2,0,1,2,AR,ED,
20B,3,2018,July,21,15,24,R,12,R,24,R,12,R,12,R,1,1,4,7,AR,ED,
7UB,3,2018,July,21,0,0,0,0,0,0,0,0,0,0,0,0,3,3,0,AR,ED,
6UB,3,2018,July,21,2,24,R,12,R,0,0,0,0,0,0,1,0,3,3,AR,ED,
3UB,3,2018,July,21,0,0,0,0,0,0,0,0,0,0,0,2,0,2,0,AR,ED,
2UB,3,2018,July,21,3,24,R,18,R,36,R,0,0,0,0,0,6,3,7,AR,ED,
10UB,3,2018,July,21,0,0,0,0,0,0,0,0,0,0,0,0,5,5,0,AR,ED,
1UB,3,2018,July,21,8,5,F,5,F,3,F,24,R,18,R,9,0,6,7,AR,ED,
4UB,3,2018,July,21,3,4,F,24,R,24,R,0,0,0,0,0,2,7,5,AR,ED,
5UB,3,2018,July,21,2,12,R,6,R,0,0,0,0,0,0,0,0,2,2,AR,ED,
8UB,3,2018,July,21,1,12,R,0,0,0,0,0,0,0,0,0,0,1,1,AR,ED,
9UB,3,2018,July,21,2,7,F,12,R,0,0,0,0,0,0,0,0,1,2,AR,ED,
46B,9,2018,August,10,2,5,F,8,F,0,0,0,0,0,0,1,2,3,0,AR,ED,
41B,9,2018,August,10,2,2,F,3,F,0,0,0,0,0,0,2,2,2,0,AR,ED,
9UB,8,2018,August,6,0,0,0,0,0,0,0,0,0,0,0,0,2,1,0,GP,ED,
7UB,8,2018,August,6,0,0,0,0,0,0,0,0,0,0,0,0,3,3,0,GP,ED,
46UB,8,2018,August,6,0,0,0,0,0,0,0,0,0,0,0,0,1,1,0,GP,ED,
8UB,8,2018,August,6,0,0,0,0,0,0,0,0,0,0,0,0,1,1,0,GP,ED,
5UB,8,2018,August,6,0,0,0,0,0,0,0,0,0,0,0,0,0,1,0,GP,ED,stem was dead and eaten
4UB,8,2018,August,6,0,0,0,0,0,0,0,0,0,0,0,0,5,6,0,GP,ED,
6UB,8,2018,August,6,0,0,0,0,0,0,0,0,0,0,0,0,3,3,0,GP,ED,
3UB,8,2018,August,6,0,0,0,0,0,0,0,0,0,0,0,0,2,2,0,GP,ED,
2UB,8,2018,August,6,0,0,0,0,0,0,0,0,0,0,0,0,10,2,0,GP,ED,
33UB,8,2018,August,6,0,0,0,0,0,0,0,0,0,0,0,0,1,1,0,GP,ED,
10UB,8,2018,August,6,0,0,0,0,0,0,0,0,0,0,0,0,5,5,0,GP,ED,
47UB,8,2018,August,6,0,0,0,0,0,0,0,0,0,0,0,0,1,1,0,GP,ED,
1UB,8,2018,August,6,0,0,0,0,0,0,0,0,0,0,0,0,18,6,0,GP,ED,
32UB,8,2018,August,6,0,0,0,0,0,0,0,0,0,0,0,0,1,1,0,GP,ED,
48UB,8,2018,August,6,0,0,0,0,0,0,0,0,0,0,0,0,1,1,0,GP,ED,
31UB,8,2018,August,6,0,0,0,0,0,0,0,0,0,0,0,0,1,2,0,GP,ED,
48B,8,2018,August,6,1,2,F,0,0,0,0,0,0,0,0,0,1,2,1,GP,ED,
8B,8,2018,August,6,0,0,0,0,0,0,0,0,0,0,0,0,2,2,0,GP,ED,
7B,8,2018,August,6,0,0,0,0,0,0,0,0,0,0,0,0,2,2,0,GP,ED,
4B,8,2018,August,6,0,0,0,0,0,0,0,0,0,0,0,0,5,2,0,GP,ED,
31B,8,2018,August,6,0,0,0,0,0,0,0,0,0,0,0,0,1,1,0,GP,ED,
46B,8,2018,August,6,2,12,R,1,F,0,0,0,0,0,0,1,1,3,2,GP,ED,one stigma collected had 1F head with new flowers
2B,8,2018,August,6,0,0,0,0,0,0,0,0,0,0,0,0,2,2,0,GP,ED,
1B,8,2018,August,6,0,0,0,0,0,0,0,0,0,0,0,0,4,4,0,GP,ED,
6B,8,2018,August,6,0,0,0,0,0,0,0,0,0,0,0,0,16,6,0,GP,ED,
47B,8,2018,August,6,0,0,0,0,0,0,0,0,0,0,0,0,1,1,0,GP,ED,
9B,8,2018,August,6,0,0,0,0,0,0,0,0,0,0,0,0,14,4,0,GP,ED,
3B,8,2018,August,6,0,0,0,0,0,0,0,0,0,0,0,0,5,5,0,GP,ED,
5B,8,2018,August,6,0,0,0,0,0,0,0,0,0,0,0,0,4,4,0,GP,ED,
32B,8,2018,August,6,0,0,0,0,0,0,0,0,0,0,0,0,1,1,0,GP,ED,
25B,7,2018,August,1,0,0,0,0,0,0,0,0,0,0,0,0,3,3,0,GP,ED,
22B,7,2018,August,1,0,0,0,0,0,0,0,0,0,0,0,0,2,2,0,GP,ED,
21B,7,2018,August,1,0,0,0,0,0,0,0,0,0,0,0,0,1,1,0,GP,ED,
23B,7,2018,August,1,5,18,R,24,R,12,R,12,R,18,R,0,2,2,8,GP,ED,
30UB,7,2018,August,1,0,0,0,0,0,0,0,0,0,0,0,0,2,1,0,GP,ED,
37UB,7,2018,August,1,1,5,F,0,0,0,0,0,0,0,0,0,0,1,1,GP,ED,
38UB,7,2018,August,1,3,18,R,1,F,4,F,0,0,0,0,0,0,2,3,GP,ED,
40UB,7,2018,August,1,2,7,F,12,R,0,0,0,0,0,0,0,0,2,2,GP,ED,
27UB,7,2018,August,1,6,12,R,12,R,12,R,18,R,12,R,0,0,4,6,GP,ED,
26UB,7,2018,August,1,0,0,0,0,0,0,0,0,0,0,0,0,1,1,0,GP,ED,
25UB,7,2018,August,1,1,5,F,0,0,0,0,0,0,0,0,1,7,3,1,GP,ED,
41UB,7,2018,August,1,2,12,R,24,R,0,0,0,0,0,0,2,0,2,3,GP,ED,
28UB,7,2018,August,1,0,0,0,0,0,0,0,0,0,0,0,0,13,4,0,GP,ED,
42UB,7,2018,August,1,0,0,0,0,0,0,0,0,0,0,0,2,0,2,0,GP,ED,
23UB,7,2018,August,1,0,0,0,0,0,0,0,0,0,0,0,0,9,9,0,GP,ED,
21UB,7,2018,August,1,0,0,0,0,0,0,0,0,0,0,0,0,4,4,0,GP,ED,
24UB,7,2018,August,1,0,0,0,0,0,0,0,0,0,0,0,4,2,8,0,GP,ED,stems broken
22UB,7,2018,August,1,0,0,0,0,0,0,0,0,0,0,0,0,1,1,0,GP,ED,
39UB,7,2018,August,1,1,4,F,0,0,0,0,0,0,0,0,0,0,1,0,GP,ED,no stigma 2/aug/2018
29UB,7,2018,August,1,1,3,F,0,0,0,0,0,0,0,0,4,5,5,0,GP,ED,no stigma 2/aug/2018
44UB,7,2018,August,1,1,2,F,0,0,0,0,0,0,0,0,0,1,2,1,GP,ED,
45UB,7,2018,August,1,11,3,F,60,R,12,R,6,R,12,R,0,11,3,5,GP,ED,
36UB,7,2018,August,1,3,1,F,18,R,12,R,0,0,0,0,1,3,4,4,GP,ED,
19UB,7,2018,August,1,1,2,F,0,0,0,0,0,0,0,0,0,12,5,1,GP,ED,
15UB,7,2018,August,1,0,0,0,0,0,0,0,0,0,0,0,0,12,3,0,GP,ED,
13UB,7,2018,August,1,0,0,0,0,0,0,0,0,0,0,0,0,1,1,0,GP,ED,
17UB,7,2018,August,1,0,0,0,0,0,0,0,0,0,0,0,0,3,3,0,GP,ED,
34UB,7,2018,August,1,2,2,F,4,F,0,0,0,0,0,0,0,1,3,2,GP,ED,
16UB,7,2018,August,1,0,0,0,0,0,0,0,0,0,0,0,0,4,1,0,GP,ED,
18UB,7,2018,August,1,0,0,0,0,0,0,0,0,0,0,0,0,2,2,0,GP,ED,
38UB,5,2018,July,26,1,24,R,0,0,0,0,0,0,0,0,2,6,2,2,AR,ED,
37UB,5,2018,July,26,1,12,R,0,0,0,0,0,0,0,0,0,0,1,2,AR,ED,
30UB,5,2018,July,26,1,3,F,0,0,0,0,0,0,0,0,0,1,1,1,AR,ED,
28UB,5,2018,July,26,5,12,R,5,F,8,F,5,F,4,F,0,8,4,5,AR,ED,
29UB,5,2018,July,26,3,5,F,9,F,5,F,0,0,0,0,3,4,5,3,AR,ED,
27UB,5,2018,July,26,3,36,R,24,R,12,R,0,0,0,0,3,0,4,6,AR,ED,
26UB,5,2018,July,26,1,6,F,0,0,0,0,0,0,0,0,0,0,1,1,AR,ED,
25UB,5,2018,July,26,3,24,R,6,F,9,F,0,0,0,0,0,6,3,4,AR,ED,
22UB,5,2018,July,26,0,0,0,0,0,0,0,0,0,0,0,0,1,1,0,AR,ED,
24UB,5,2018,July,26,4,12,R,6,F,1,F,2,F,0,0,1,1,7,2,AR,ED,
39UB,5,2018,July,26,1,12,R,0,0,0,0,0,0,0,0,0,0,1,1,AR,ED,
23UB,5,2018,July,26,0,0,0,0,0,0,0,0,0,0,0,0,9,9,0,AR,ED,
21UB,5,2018,July,26,0,0,0,0,0,0,0,0,0,0,0,1,4,5,0,AR,ED,
36UB,5,2018,July,26,4,12,R,7,F,7,F,12,R,0,0,4,0,4,4,AR,ED,
35UB,5,2018,July,26,5,36,R,24,R,18,R,4,F,5,F,0,0,8,0,AR,ED,
11UB,5,2018,July,26,1,2,F,0,0,0,0,0,0,0,0,0,1,2,0,AR,ED,
12UB,5,2018,July,26,1,9,F,0,0,0,0,0,0,0,0,0,3,4,0,AR,ED,no flowers
14UB,5,2018,July,26,5,12,R,24,R,72,R,6,R,6,F,0,0,2,6,AR,ED,
16UB,5,2018,July,26,0,0,0,0,0,0,0,0,0,0,0,0,4,1,0,AR,ED,
34UB,5,2018,July,26,3,6,F,12,R,36,R,0,0,0,0,0,0,3,0,AR,ED,
18UB,5,2018,July,26,0,0,0,0,0,0,0,0,0,0,0,0,2,2,0,AR,ED,
20UB,5,2018,July,26,0,0,0,0,0,0,0,0,0,0,0,0,6,6,0,AR,ED,
19UB,5,2018,July,26,12,12,R,24,R,12,R,12,R,6,R,0,4,8,6,AR,ED,must 1 flower
15UB,5,2018,July,26,12,12,R,12,R,12,R,12,R,12,R,0,0,3,5,AR,ED,
13UB,5,2018,July,26,1,36,R,0,0,0,0,0,0,0,0,0,0,1,3,AR,ED,
17UB,5,2018,July,26,1,60,R,0,0,0,0,0,0,0,0,0,2,3,0,AR,ED,no flowers
9UB,5,2018,July,26,1,12,R,0,0,0,0,0,0,0,0,0,1,2,1,AR,ED,
8UB,5,2018,July,26,1,6,F,0,0,0,0,0,0,0,0,0,0,1,1,AR,ED,
7UB,5,2018,July,26,0,0,0,0,0,0,0,0,0,0,0,0,2,2,0,AR,ED,
5UB,5,2018,July,26,2,12,R,2,F,0,0,0,0,0,0,0,0,2,2,AR,ED,
4UB,5,2018,July,26,1,1,F,0,0,0,0,0,0,0,0,0,2,5,1,AR,ED,
6UB,5,2018,July,26,2,4,F,4,F,0,0,0,0,0,0,1,0,3,2,AR,ED,
3UB,5,2018,July,26,2,12,R,12,R,0,0,0,0,0,0,0,0,2,2,AR,ED,
2UB,5,2018,July,26,1,12,R,0,0,0,0,0,0,0,0,0,7,2,1,AR,ED,
33UB,5,2018,July,26,1,5,F,0,0,0,0,0,0,0,0,0,0,4,1,AR,ED,
10UB,5,2018,July,26,0,0,0,0,0,0,0,0,0,0,0,0,4,4,0,AR,ED,
43UB,5,2018,July,27,1,18,R,0,0,0,0,0,0,0,0,1,0,2,2,AR,ED,
45UB,5,2018,July,27,10,12,R,12,R,12,R,6,R,6,R,12,0,3,5,AR,ED,
44UB,5,2018,July,27,1,8,F,0,0,0,0,0,0,0,0,1,0,3,1,AR,ED,
40UB,5,2018,July,27,1,1,F,0,0,0,0,0,0,0,0,1,0,3,1,AR,ED,
41UB,5,2018,July,27,2,24,R,24,R,0,0,0,0,0,0,2,0,2,4,AR,ED,
42UB,5,2018,July,27,0,0,0,0,0,0,0,0,0,0,0,2,0,2,0,AR,ED,
42B,5,2018,July,27,1,9,F,0,0,0,0,0,0,0,0,0,0,2,1,AR,ED,
41B,5,2018,July,27,5,12,R,12,R,12,R,6,R,2,F,5,0,2,5,AR,ED,
40B,5,2018,July,27,3,12,R,12,R,1,F,0,0,0,0,2,0,5,3,AR,ED,
43B,5,2018,July,27,1,2,F,0,0,0,0,0,0,0,0,3,0,2,1,AR,ED,according to notes stigma pulled on 27//added 14Feb 2019 AR
44B,5,2018,July,27,0,0,0,0,0,0,0,0,0,0,0,1,0,2,0,AR,ED,
45B,5,2018,July,27,1,2,F,0,0,0,0,0,0,0,0,0,0,1,1,AR,ED,according to notes stigma pulled 27//added 14Feb 2019 AR
46B,5,2018,July,27,1,3,F,0,0,0,0,0,0,0,0,3,0,4,1,AR,ED,
47B,5,2018,July,27,1,2,F,0,0,0,0,0,0,0,0,0,0,2,1,AR,ED,
48B,5,2018,July,27,1,6,F,0,0,0,0,0,0,0,0,1,0,2,1,AR,ED,
46UB,5,2018,July,27,1,24,R,0,0,0,0,0,0,0,0,0,0,1,2,AR,ED,
47UB,5,2018,July,27,1,12,R,0,0,0,0,0,0,0,0,0,0,1,1,AR,ED,date of first flower probably 27th//added 14feb2019 AR
48UB,5,2018,July,27,0,0,0,0,0,0,0,0,0,0,0,1,0,1,0,AR,ED,
9B,4,2018,July,23,14,24,R,12,R,12,R,12,R,12,R,0,0,7,6,AR,ED,
5B,4,2018,July,23,4,3,F,2,F,12,R,12,R,0,0,0,1,5,4,AR,ED,
32B,4,2018,July,23,0,0,0,0,0,0,0,0,0,0,0,1,0,1,0,AR,ED,
33B,4,2018,July,23,0,0,0,0,0,0,0,0,0,0,0,2,0,2,0,AR,ED,
3B,4,2018,July,23,1,12,R,0,0,0,0,0,0,0,0,4,0,5,1,AR,ED,
12B,4,2018,July,23,9,12,R,12,R,12,R,3,F,60,R,1,1,8,5,AR,ED,most flowers eaten
11B,4,2018,July,23,3,6,R,6,R,2,F,0,0,0,0,0,0,3,5,AR,ED,
13B,4,2018,July,23,2,24,R,12,R,0,0,0,0,0,0,0,0,2,3,AR,ED,
14B,4,2018,July,23,3,24,R,24,R,24,R,0,0,0,0,1,0,4,2,AR,ED,
15B,4,2018,July,23,2,6,F,2,F,0,0,0,0,0,0,0,0,2,0,AR,ED,beetles eating all pollen on flower
36B,4,2018,July,23,0,0,0,0,0,0,0,0,0,0,0,1,0,1,0,AR,ED,
34B,4,2018,July,23,0,0,0,0,0,0,0,0,0,0,0,1,0,1,0,AR,ED,
20B,4,2018,July,23,11,36,R,12,R,12,R,6,R,6,R,0,4,6,4,AR,ED,all flowers eaten
19B,4,2018,July,23,0,0,0,0,0,0,0,0,0,0,0,2,1,1,0,AR,ED,
35B,4,2018,July,23,1,36,R,0,0,0,0,0,0,0,0,0,0,1,3,AR,ED,
16B,4,2018,July,23,4,12,R,12,R,24,R,6,R,0,0,6,0,4,5,AR,ED,
18B,4,2018,July,23,0,0,0,0,0,0,0,0,0,0,0,0,1,1,0,AR,ED,
17B,4,2018,July,23,1,5,F,0,0,0,0,0,0,0,0,1,0,1,1,AR,ED,
20UB,7,2018,August,1,0,0,0,0,0,0,0,0,0,0,0,0,6,6,0,GP,ED,
14UB,7,2018,August,1,2,2,F,12,R,0,0,0,0,0,0,0,3,2,2,GP,ED,
43UB,7,2018,August,1,2,4,F,5,F,0,0,0,0,0,0,0,0,2,2,GP,ED,
12UB,7,2018,August,1,0,0,0,0,0,0,0,0,0,0,0,0,2,2,0,GP,ED,
11UB,7,2018,August,1,0,0,0,0,0,0,0,0,0,0,0,0,2,2,0,GP,ED,
35UB,7,2018,August,1,0,0,0,0,0,0,0,0,0,0,0,0,5,6,0,GP,ED,one stem broken
30B,5,2018,July,26,2,12,R,12,R,0,0,0,0,0,0,2,1,2,2,GP,ED,
29B,5,2018,July,26,0,0,0,0,0,0,0,0,0,0,0,1,2,3,0,GP,ED,
39B,5,2018,July,26,1,24,R,0,0,0,0,0,0,0,0,1,0,2,1,GP,ED,no pollen
28B,5,2018,July,26,0,0,0,0,0,0,0,0,0,0,0,1,0,1,0,GP,ED,
26B,5,2018,July,26,2,24,R,12,R,0,0,0,0,0,0,0,0,2,3,GP,ED,
27B,5,2018,July,26,4,24,R,12,R,12,R,12,R,0,0,0,0,1,5,GP,ED,
38B,5,2018,July,26,2,18,R,24,R,0,0,0,0,0,0,0,0,2,4,GP,ED,
24B,5,2018,July,26,0,0,0,0,0,0,0,0,0,0,0,0,2,2,0,GP,ED,
37B,5,2018,July,26,0,0,0,0,0,0,0,0,0,0,0,2,0,3,0,GP,ED,one stem broken
23B,5,2018,July,26,1,18,R,0,0,0,0,0,0,0,0,5,1,2,2,GP,ED,
25B,5,2018,July,26,3,7,F,5,F,8,F,0,0,0,0,0,0,3,3,GP,ED,
22B,5,2018,July,26,0,0,0,0,0,0,0,0,0,0,0,0,2,2,0,GP,ED,
21B,5,2018,July,26,1,6,F,0,0,0,0,0,0,0,0,0,0,1,1,GP,ED,
20B,5,2018,July,26,6,3,F,12,R,12,R,12,R,5,F,0,2,4,5,GP,ED,
34B,5,2018,July,26,1,24,R,0,0,0,0,0,0,0,0,0,0,1,2,GP,ED,
36B,5,2018,July,26,0,0,0,0,0,0,0,0,0,0,0,1,0,1,0,GP,ED,
19B,5,2018,July,26,3,12,R,18,R,12,R,0,0,0,0,0,0,1,4,GP,ED,
35B,5,2018,July,26,1,18,R,0,0,0,0,0,0,0,0,0,0,1,2,GP,ED,
16B,5,2018,July,26,9,24,R,12,R,24,R,36,R,24,R,0,0,4,10,GP,ED,
18B,5,2018,July,26,0,0,0,0,0,0,0,0,0,0,0,0,1,1,0,GP,ED,
17B,5,2018,July,26,1,12,R,0,0,0,0,0,0,0,0,0,0,1,1,GP,ED,
15B,5,2018,July,26,0,0,0,0,0,0,0,0,0,0,0,0,2,2,0,GP,ED,
14B,5,2018,July,26,4,12,R,12,R,12,R,12,R,0,0,0,0,4,4,GP,ED,
13B,5,2018,July,26,2,3,F,4,F,0,0,0,0,0,0,0,0,2,1,GP,ED,
11B,5,2018,July,26,2,3,F,4,F,0,0,0,0,0,0,1,0,2,1,GP,ED,
12B,5,2018,July,26,7,36,R,12,R,12,R,12,R,12,R,0,9,8,7,GP,ED,
5B,5,2018,July,26,0,0,0,0,0,0,0,0,0,0,0,0,4,4,0,GP,ED,
32B,5,2018,July,26,1,3,F,0,0,0,0,0,0,0,0,0,0,1,1,GP,ED,
33B,5,2018,July,26,2,5,F,30,R,0,0,0,0,0,0,0,0,2,3,GP,ED,
30B,4,2018,July,23,1,12,R,0,0,0,0,0,0,0,0,4,0,2,1,GP,ED,
29B,4,2018,July,23,2,4,F,24,R,0,0,0,0,0,0,1,0,3,2,GP,ED,
28B,4,2018,July,23,0,0,0,0,0,0,0,0,0,0,0,1,0,1,0,GP,ED,
39B,4,2018,July,23,0,0,0,0,0,0,0,0,0,0,0,2,0,2,0,GP,ED,
26B,4,2018,July,23,2,12,R,12,R,0,0,0,0,0,0,0,0,2,3,GP,ED,
38B,4,2018,July,23,1,36,R,0,0,0,0,0,0,0,0,1,0,2,3,GP,ED,
24B,4,2018,July,23,0,0,0,0,0,0,0,0,0,0,0,0,2,2,0,GP,ED,
37B,4,2018,July,23,1,24,R,0,0,0,0,0,0,0,0,1,0,2,2,GP,ED,
23B,4,2018,July,23,2,18,R,12,R,0,0,0,0,0,0,5,0,2,2,GP,ED,
22B,4,2018,July,23,2,12,R,12,R,0,0,0,0,0,0,0,0,2,1,GP,ED,
21B,4,2018,July,23,1,12,R,0,0,0,0,0,0,0,0,0,0,1,1,GP,ED,
25B,4,2018,July,23,3,7,F,12,R,12,R,0,0,0,0,0,0,3,3,GP,ED,
27B,4,2018,July,23,2,12,R,1,F,0,0,0,0,0,0,2,0,1,3,GP,ED,
37UB,4,2018,July,23,0,0,0,0,0,0,0,0,0,0,0,1,0,1,0,GP,ED,
30UB,4,2018,July,23,2,6,R,12,R,0,0,0,0,0,0,0,0,1,2,GP,ED,
28UB,4,2018,July,23,9,6,R,12,R,5,F,12,R,12,R,0,4,4,5,GP,ED,
38UB,4,2018,July,23,0,0,0,0,0,0,0,0,0,0,0,3,0,2,0,GP,ED,
27UB,4,2018,July,23,2,1,F,12,R,0,0,0,0,0,0,4,0,4,2,GP,ED,
26UB,4,2018,July,23,1,6,R,0,0,0,0,0,0,0,0,0,0,1,1,GP,ED,
25UB,4,2018,July,23,8,12,R,12,R,12,R,12,R,12,R,2,6,3,5,GP,ED,
29UB,4,2018,July,23,5,1,F,1,F,2,F,2,F,1,F,3,3,5,2,GP,ED,
22UB,4,2018,July,23,1,3,F,0,0,0,0,0,0,0,0,0,0,1,1,GP,ED,
24UB,4,2018,July,23,4,12,R,12,R,12,R,6,R,0,0,2,0,8,2,GP,ED,
39UB,4,2018,July,23,1,24,R,0,0,0,0,0,0,0,0,0,0,1,2,GP,ED,FB:23July
21UB,4,2018,July,23,0,0,0,0,0,0,0,0,0,0,0,1,4,5,0,GP,ED,
23UB,4,2018,July,23,0,0,0,0,0,0,0,0,0,0,0,0,8,8,0,GP,ED,
36UB,4,2018,July,23,3,36,R,6,F,4,F,0,0,0,0,5,0,5,5,GP,ED,
35UB,4,2018,July,23,0,0,0,0,0,0,0,0,0,0,0,3,0,5,0,GP,ED,
11UB,4,2018,July,23,2,12,R,6,F,0,0,0,0,0,0,0,0,2,2,GP,ED,
12UB,4,2018,July,23,0,0,0,0,0,0,0,0,0,0,0,0,3,3,0,GP,ED,
33B,8,2018,August,6,0,0,0,0,0,0,0,0,0,0,0,0,2,2,0,GP,ED,
10B,8,2018,August,6,0,0,0,0,0,0,0,0,0,0,0,0,11,2,0,GP,ED,
12B,8,2018,August,6,0,0,0,0,0,0,0,0,0,0,0,0,17,7,0,GP,ED,
11B,8,2018,August,6,0,0,0,0,0,0,0,0,0,0,0,0,3,2,0,GP,ED,
13B,8,2018,August,6,0,0,0,0,0,0,0,0,0,0,0,0,2,2,0,GP,ED,
14B,8,2018,August,6,0,0,0,0,0,0,0,0,0,0,0,0,4,4,0,GP,ED,
15B,8,2018,August,6,0,0,0,0,0,0,0,0,0,0,0,0,2,2,0,GP,ED,
45B,8,2018,August,6,0,0,0,0,0,0,0,0,0,0,0,0,1,1,0,GP,ED,
36B,8,2018,August,6,2,3,F,3,F,0,0,0,0,0,0,1,0,3,2,GP,ED,
34B,8,2018,August,6,0,0,0,0,0,0,0,0,0,0,0,0,1,1,0,GP,ED,
20B,8,2018,August,6,0,0,0,0,0,0,0,0,0,0,0,0,10,4,0,GP,ED,
44B,8,2018,August,6,0,0,0,0,0,0,0,0,0,0,0,0,1,1,0,GP,ED,
19B,8,2018,August,6,0,0,0,0,0,0,0,0,0,0,0,0,3,1,0,GP,ED,
35B,8,2018,August,6,0,0,0,0,0,0,0,0,0,0,0,0,1,1,0,GP,ED,
43B,8,2018,August,6,1,1,F,0,0,0,0,0,0,0,0,0,2,2,1,GP,ED,
16B,8,2018,August,6,0,0,0,0,0,0,0,0,0,0,0,0,10,4,0,GP,ED,
18B,8,2018,August,6,0,0,0,0,0,0,0,0,0,0,0,0,1,1,0,GP,ED,
17B,8,2018,August,6,0,0,0,0,0,0,0,0,0,0,0,0,1,1,0,GP,ED,
45UB,8,2018,August,6,0,0,0,0,0,0,0,0,0,0,0,0,20,3,0,GP,ED,
44UB,8,2018,August,6,0,0,0,0,0,0,0,0,0,0,0,0,2,1,0,GP,ED,
36UB,8,2018,August,6,0,0,0,0,0,0,0,0,0,0,0,0,7,3,0,GP,ED,
35UB,8,2018,August,6,0,0,0,0,0,0,0,0,0,0,0,0,1,1,0,GP,ED,
11UB,8,2018,August,6,0,0,0,0,0,0,0,0,0,0,0,0,2,2,0,GP,ED,
12UB,8,2018,August,6,0,0,0,0,0,0,0,0,0,0,0,0,2,2,0,GP,ED,
14UB,8,2018,August,6,0,0,0,0,0,0,0,0,0,0,0,0,5,2,0,GP,ED,
18UB,8,2018,August,6,0,0,0,0,0,0,0,0,0,0,0,0,2,2,0,GP,ED,
20UB,8,2018,August,6,0,0,0,0,0,0,0,0,0,0,0,0,6,6,0,GP,ED,
16UB,8,2018,August,6,0,0,0,0,0,0,0,0,0,0,0,0,4,1,0,GP,ED,
34UB,8,2018,August,6,1,1,F,0,0,0,0,0,0,0,0,0,2,3,0,GP,ED,
43UB,8,2018,August,6,0,0,0,0,0,0,0,0,0,0,0,0,2,2,0,GP,ED,
15UB,8,2018,August,6,0,0,0,0,0,0,0,0,0,0,0,0,12,3,0,GP,ED,
13UB,8,2018,August,6,0,0,0,0,0,0,0,0,0,0,0,0,1,1,0,GP,ED,
17UB,8,2018,August,6,0,0,0,0,0,0,0,0,0,0,0,0,2,2,0,GP,ED,
19UB,8,2018,August,6,0,0,0,0,0,0,0,0,0,0,0,0,9,5,0,GP,ED,
39UB,8,2018,August,6,0,0,0,0,0,0,0,0,0,0,0,0,1,1,0,GP,ED,
24UB,8,2018,August,6,0,0,0,0,0,0,0,0,0,0,0,0,6,7,0,GP,ED,
21UB,8,2018,August,6,0,0,0,0,0,0,0,0,0,0,0,0,4,4,0,GP,ED,
23UB,8,2018,August,6,0,0,0,0,0,0,0,0,0,0,0,0,9,9,0,GP,ED,
22UB,8,2018,August,6,0,0,0,0,0,0,0,0,0,0,0,0,1,1,0,GP,ED,
42UB,8,2018,August,6,0,0,0,0,0,0,0,0,0,0,0,0,2,2,0,GP,ED,
28UB,8,2018,August,6,0,0,0,0,0,0,0,0,0,0,0,0,8,3,0,GP,ED,
29UB,8,2018,August,6,0,0,0,0,0,0,0,0,0,0,0,0,10,5,0,GP,ED,
27UB,8,2018,August,6,2,3,F,6,F,0,0,0,0,0,0,0,3,3,0,GP,ED,
40UB,8,2018,August,6,0,0,0,0,0,0,0,0,0,0,0,0,2,2,0,GP,ED,
38UB,8,2018,August,6,1,1,F,0,0,0,0,0,0,0,0,0,2,2,0,GP,ED,
41UB,8,2018,August,6,2,12,R,5,F,0,0,0,0,0,0,0,2,2,0,GP,ED,
26UB,8,2018,August,6,0,0,0,0,0,0,0,0,0,0,0,0,1,1,0,GP,ED,
25UB,8,2018,August,6,0,0,0,0,0,0,0,0,0,0,0,0,10,3,0,GP,ED,
37UB,8,2018,August,6,0,0,0,0,0,0,0,0,0,0,0,0,1,1,0,GP,ED,
30UB,8,2018,August,6,0,0,0,0,0,0,0,0,0,0,0,0,2,1,0,GP,ED,
21B,8,2018,August,6,0,0,0,0,0,0,0,0,0,0,0,0,1,1,0,GP,ED,
22B,8,2018,August,6,0,0,0,0,0,0,0,0,0,0,0,0,2,2,0,GP,ED,
25B,8,2018,August,6,0,0,0,0,0,0,0,0,0,0,0,0,3,3,0,GP,ED,
37B,8,2018,August,6,0,0,0,0,0,0,0,0,0,0,0,0,2,3,0,GP,ED,
42B,8,2018,August,6,0,0,0,0,0,0,0,0,0,0,0,0,0,1,1,GP,ED,
24B,8,2018,August,6,0,0,0,0,0,0,0,0,0,0,0,0,2,2,0,GP,ED,
38B,8,2018,August,6,0,0,0,0,0,0,0,0,0,0,0,0,1,1,0,GP,ED,
41B,8,2018,August,6,1,1,F,0,0,0,0,0,0,0,0,0,12,2,1,GP,ED,
26B,8,2018,August,6,0,0,0,0,0,0,0,0,0,0,0,0,2,2,0,GP,ED,
28B,8,2018,August,6,0,0,0,0,0,0,0,0,0,0,0,0,1,1,0,GP,ED,
39B,8,2018,August,6,0,0,0,0,0,0,0,0,0,0,0,0,1,1,0,GP,ED,
29B,8,2018,August,6,0,0,0,0,0,0,0,0,0,0,0,0,3,3,0,GP,ED,
30B,8,2018,August,6,0,0,0,0,0,0,0,0,0,0,0,2,3,2,0,GP,ED,
40B,8,2018,August,6,0,0,0,0,0,0,0,0,0,0,0,2,3,5,1,GP,ED,stigma collected was newly opened
27B,8,2018,August,6,0,0,0,0,0,0,0,0,0,0,0,0,3,1,0,GP,ED,
23B,8,2018,August,6,0,0,0,0,0,0,0,0,0,0,0,3,5,2,0,GP,ED,
9UB,7,2018,August,1,0,0,0,0,0,0,0,0,0,0,0,0,2,1,0,GP,ED,
8UB,7,2018,August,1,0,0,0,0,0,0,0,0,0,0,0,0,1,1,0,GP,ED,
46UB,7,2018,August,1,0,0,0,0,0,0,0,0,0,0,0,0,1,0,0,GP,ED,the 1 post flower head might still flower
7UB,7,2018,August,1,0,0,0,0,0,0,0,0,0,0,0,0,3,3,0,GP,ED,
5UB,7,2018,August,1,0,0,0,0,0,0,0,0,0,0,0,0,2,2,0,GP,ED,
4UB,7,2018,August,1,0,0,0,0,0,0,0,0,0,0,0,0,4,5,0,GP,ED,
6UB,7,2018,August,1,0,0,0,0,0,0,0,0,0,0,0,1,2,3,0,GP,ED,
3UB,7,2018,August,1,0,0,0,0,0,0,0,0,0,0,0,0,2,2,0,GP,ED,
2UB,7,2018,August,1,0,0,0,0,0,0,0,0,0,0,0,0,10,2,0,GP,ED,
10UB,7,2018,August,1,0,0,0,0,0,0,0,0,0,0,0,0,5,5,0,GP,ED,
33UB,7,2018,August,1,2,1,F,12,R,0,0,0,0,0,0,0,0,4,2,GP,ED,2 stems broken
47UB,7,2018,August,1,1,2,F,0,0,0,0,0,0,0,0,0,0,1,0,GP,ED,
1UB,7,2018,August,1,0,0,0,0,0,0,0,0,0,0,0,2,11,6,0,GP,ED,2 pre-flower heads might not bloom- very small
32UB,7,2018,August,1,1,12,R,0,0,0,0,0,0,0,0,0,0,1,1,GP,ED,
31UB,7,2018,August,1,0,0,0,0,0,0,0,0,0,0,0,1,2,4,0,GP,ED,1 pre-flower head very small; 1 stem broken
48UB,7,2018,August,1,1,3,F,0,0,0,0,0,0,0,0,0,0,1,1,GP,ED,
10B,7,2018,August,1,0,0,0,0,0,0,0,0,0,0,0,0,11,2,0,GP,ED,
1B,7,2018,August,1,0,0,0,0,0,0,0,0,0,0,0,0,4,3,0,GP,ED,
2B,7,2018,August,1,0,0,0,0,0,0,0,0,0,0,0,0,3,3,0,GP,ED,
46B,7,2018,August,1,1,2,F,0,0,0,0,0,0,0,0,3,0,3,1,GP,ED,
31B,7,2018,August,1,1,4,F,0,0,0,0,0,0,0,0,0,0,1,1,GP,ED,
4B,7,2018,August,1,0,0,0,0,0,0,0,0,0,0,0,0,6,2,0,GP,ED,
6B,7,2018,August,1,0,0,0,0,0,0,0,0,0,0,0,0,17,6,0,GP,ED,
7B,7,2018,August,1,0,0,0,0,0,0,0,0,0,0,0,0,2,2,0,GP,ED,
8B,7,2018,August,1,0,0,0,0,0,0,0,0,0,0,0,0,2,2,0,GP,ED,
47B,7,2018,August,1,1,24,R,0,0,0,0,0,0,0,0,0,0,1,2,GP,ED,
9B,7,2018,August,1,0,0,0,0,0,0,0,0,0,0,0,0,14,4,0,GP,ED,
5B,7,2018,August,1,0,0,0,0,0,0,0,0,0,0,0,0,4,4,0,GP,ED,
32B,7,2018,August,1,1,12,R,0,0,0,0,0,0,0,0,0,0,1,1,GP,ED,
33B,7,2018,August,1,2,2,F,4,F,0,0,0,0,0,0,0,0,2,1,GP,ED,
3B,7,2018,August,1,4,1,F,1,F,4,F,12,R,0,0,0,1,5,2,GP,ED,
48B,7,2018,August,1,2,12,R,6,R,0,0,0,0,0,0,0,0,2,2,GP,ED,
12B,7,2018,August,1,0,0,0,0,0,0,0,0,0,0,0,1,14,8,0,GP,ED,
11B,7,2018,August,1,0,0,0,0,0,0,0,0,0,0,0,1,2,2,0,GP,ED,
13B,7,2018,August,1,0,0,0,0,0,0,0,0,0,0,0,0,2,2,0,GP,ED,
14B,7,2018,August,1,3,2,F,4,F,5,F,0,0,0,0,0,1,4,2,GP,ED,
15B,7,2018,August,1,0,0,0,0,0,0,0,0,0,0,0,0,2,2,0,GP,ED,
45B,7,2018,August,1,1,3,F,0,0,0,0,0,0,0,0,0,0,1,1,GP,ED,
36B,7,2018,August,1,3,12,R,5,F,12,R,0,0,0,0,0,0,3,3,GP,ED,
34B,7,2018,August,1,1,5,F,0,0,0,0,0,0,0,0,0,0,1,1,GP,ED,
43B,7,2018,August,1,2,6,R,24,R,0,0,0,0,0,0,2,0,2,3,GP,ED,
44B,7,2018,August,1,1,12,R,0,0,0,0,0,0,0,0,0,0,1,1,GP,ED,
20B,7,2018,August,1,0,0,0,0,0,0,0,0,0,0,0,1,15,8,0,GP,ED,
19B,7,2018,August,1,3,2,F,4,F,4,F,0,0,0,0,0,0,1,2,GP,ED,
35B,7,2018,August,1,1,7,F,0,0,0,0,0,0,0,0,0,0,1,1,GP,ED,
16B,7,2018,August,1,6,12,R,12,R,12,R,12,R,12,R,0,4,4,5,GP,ED,
18B,7,2018,August,1,0,0,0,0,0,0,0,0,0,0,0,0,1,1,0,GP,ED,
17B,7,2018,August,1,1,1,F,0,0,0,0,0,0,0,0,1,0,1,0,GP,ED,1 pre-flower head very small; no stigma from yesterday
29B,7,2018,August,1,1,2,F,0,0,0,0,0,0,0,0,0,2,3,3,GP,ED,
30B,7,2018,August,1,1,1,F,0,0,0,0,0,0,0,0,2,2,3,3,GP,ED,
40B,7,2018,August,1,3,2,F,3,F,1,F,0,0,0,0,1,1,5,0,GP,ED,
39B,7,2018,August,1,1,6,F,0,0,0,0,0,0,0,0,1,0,2,5,GP,ED,
18B,6,2018,July,30,0,0,0,0,0,0,0,0,0,0,0,0,1,1,0,AR,AK,
17B,6,2018,July,30,1,3,F,0,0,0,0,0,0,0,0,0,0,1,1,AR,AK,
19UB,6,2018,July,30,2,1,F,1,F,0,0,0,0,0,0,0,14,8,2,AR,AK,
36UB,6,2018,July,30,3,12,R,12,R,12,R,0,0,0,0,3,2,4,3,AR,AK,
45UB,6,2018,July,30,7,12,R,12,R,12,R,12,R,12,R,3,9,3,5,AR,AK,
44UB,6,2018,July,30,0,0,0,0,0,0,0,0,0,0,0,2,0,2,0,AR,AK,had 1 blooming flower head listed on data sheet but no flowers available; notes indicate it was close to blooming and would likely bloom later that day; changed # pre flower heads to 2 for accuracy; AR 14Feb2019
35UB,6,2018,July,30,0,0,0,0,0,0,0,0,0,0,0,0,3,3,0,AR,AK,
11UB,6,2018,July,30,0,0,0,0,0,0,0,0,0,0,0,0,2,2,0,AR,AK,
12UB,6,2018,July,30,0,0,0,0,0,0,0,0,0,0,0,0,3,3,0,AR,AK,
18UB,6,2018,July,30,0,0,0,0,0,0,0,0,0,0,0,0,2,2,0,AR,AK,
14UB,6,2018,July,30,3,5,F,1,F,24,R,0,0,0,0,1,2,2,3,AR,AK,
16UB,6,2018,July,30,0,0,0,0,0,0,0,0,0,0,0,0,4,1,0,AR,AK,
34UB,6,2018,July,30,1,0,0,0,0,0,0,0,0,0,0,0,1,3,0,AR,AK,"no flower visible, but stigma"
43UB,6,2018,July,30,2,12,R,12,R,0,0,0,0,0,0,0,0,2,2,AR,AK,
15UB,6,2018,July,30,0,0,0,0,0,0,0,0,0,0,0,0,12,3,0,AR,AK,
13UB,6,2018,July,30,1,72,R,0,0,0,0,0,0,0,0,0,0,1,1,AR,AK,
17UB,6,2018,July,30,0,0,0,0,0,0,0,0,0,0,0,0,3,3,0,AR,AK,
20UB,6,2018,July,30,0,0,0,0,0,0,0,0,0,0,0,0,6,6,0,AR,AK,
10B,6,2018,July,30,0,0,0,0,0,0,0,0,0,0,0,0,11,2,0,"MR, TE",AK,
1B,6,2018,July,30,0,0,0,0,0,0,0,0,0,0,0,0,4,3,0,"MR, TE",AK,
48B,6,2018,July,30,1,12,R,0,0,0,0,0,0,0,0,0,1,2,1,"MR, TE",AK,
2B,6,2018,July,30,0,0,0,0,0,0,0,0,0,0,0,0,3,3,0,"MR, TE",AK,
46B,6,2018,July,30,1,24,R,0,0,0,0,0,0,0,0,1,0,2,2,"MR, TE",AK,
31B,6,2018,July,30,1,12,R,0,0,0,0,0,0,0,0,0,0,1,1,"MR, TE",AK,
4B,6,2018,July,30,1,3,F,0,0,0,0,0,0,0,0,0,5,2,1,"MR, TE",AK,
3B,6,2018,July,30,5,24,R,36,R,12,R,12,R,24,R,0,0,5,9,"MR, TE",AK,
9B,6,2018,July,30,0,0,0,0,0,0,0,0,0,0,0,0,14,4,0,"MR, TE",AK,
5B,6,2018,July,30,0,0,0,0,0,0,0,0,0,0,0,0,4,4,0,"MR, TE",AK,
32B,6,2018,July,30,1,12,R,0,0,0,0,0,0,0,0,0,0,1,1,"MR, TE",AK,
33B,6,2018,July,30,2,2,F,24,R,0,0,0,0,0,0,0,0,2,2,"MR, TE",AK,
47B,6,2018,July,30,0,0,0,0,0,0,0,0,0,0,0,0,1,1,0,"MR, TE",AK,
8B,6,2018,July,30,0,0,0,0,0,0,0,0,0,0,0,0,2,2,0,"MR, TE",AK,
7B,6,2018,July,30,0,0,0,0,0,0,0,0,0,0,0,0,2,2,0,"MR, TE",AK,
6B,6,2018,July,30,16,12,R,12,R,12,R,12,R,12,R,0,1,6,5,"MR, TE",AK,
30B,6,2018,July,30,3,2,F,1,F,5,F,0,0,0,0,0,2,2,0,"MR, TE",AK,stigmas gone
29B,6,2018,July,30,2,3,F,5,F,0,0,0,0,0,0,0,1,3,2,"MR, TE",AK,
40B,6,2018,July,30,5,12,R,12,R,12,R,12,R,12,R,1,0,6,5,"MR, TE",AK,
39B,6,2018,July,30,1,12,R,0,0,0,0,0,0,0,0,0,0,1,1,"MR, TE",AK,
28B,6,2018,July,30,1,12,R,0,0,0,0,0,0,0,0,0,0,1,2,"MR, TE",AK,
26B,6,2018,July,30,2,6,F,12,R,0,0,0,0,0,0,0,0,2,2,"MR, TE",AK,
38B,6,2018,July,30,1,4,F,0,0,0,0,0,0,0,0,0,0,1,1,"MR, TE",AK,
24B,6,2018,July,30,0,0,0,0,0,0,0,0,0,0,0,0,2,2,0,"MR, TE",AK,
42B,6,2018,July,30,1,7,F,0,0,0,0,0,0,0,0,0,0,1,1,"MR, TE",AK,
37B,6,2018,July,30,2,1,F,2,F,0,0,0,0,0,0,0,0,2,1,"MR, TE",AK,
23B,6,2018,July,30,4,24,R,12,R,24,R,3,F,0,0,3,0,2,5,"MR, TE",AK,
22B,6,2018,July,30,0,0,0,0,0,0,0,0,0,0,0,0,2,3,0,"MR, TE",AK,
25B,6,2018,July,30,0,0,0,0,0,0,0,0,0,0,0,0,3,3,0,"MR, TE",AK,
21B,6,2018,July,30,0,0,0,0,0,0,0,0,0,0,0,0,1,1,0,"MR, TE",AK,
14UB,4,2018,July,23,1,18,R,0,0,0,0,0,0,0,0,4,0,2,2,"AR, GP",AK,
18UB,4,2018,July,23,0,0,0,0,0,0,0,0,0,0,0,0,2,2,0,"AR, GP",AK,
20UB,4,2018,July,23,0,0,0,0,0,0,0,0,0,0,0,0,6,6,0,"AR, GP",AK,
16UB,4,2018,July,23,0,0,0,0,0,0,0,0,0,0,0,0,4,1,0,"AR, GP",AK,
34UB,4,2018,July,23,1,48,R,0,0,0,0,0,0,0,0,2,0,3,4,"AR, GP",AK,
13UB,4,2018,July,23,0,0,0,0,0,0,0,0,0,0,0,1,0,1,0,"AR, GP",AK,
15UB,4,2018,July,23,6,1,F,1,F,1,F,1,F,1,F,0,0,3,5,"AR, GP",AK,
17UB,4,2018,July,23,3,12,R,12,R,12,R,0,0,0,0,0,0,3,2,"AR, GP",AK,
19UB,4,2018,July,23,11,12,R,5,F,7,F,12,R,12,R,1,5,7,5,"AR, GP",AK,
31UB,4,2018,July,23,3,12,R,24,R,1,F,0,0,0,0,0,0,4,3,"AR, GP",AK,
32UB,4,2018,July,23,1,6,F,0,0,0,0,0,0,0,0,0,0,1,1,"AR, GP",AK,
1UB,4,2018,July,23,10,24,R,12,R,6,R,24,R,12,R,7,0,6,7,"AR, GP",AK,
10UB,4,2018,July,23,0,0,0,0,0,0,0,0,0,0,0,0,5,5,0,"AR, GP",AK,
33UB,4,2018,July,23,0,0,0,0,0,0,0,0,0,0,0,2,0,2,0,"AR, GP",AK,
2UB,4,2018,July,23,2,12,R,12,R,0,0,0,0,0,0,0,7,2,0,"AR, GP",AK,
3UB,4,2018,July,23,2,24,R,36,R,0,0,0,0,0,0,0,0,2,5,"AR, GP",AK,
6UB,4,2018,July,23,2,18,R,18,R,0,0,0,0,0,0,1,0,3,4,"AR, GP",AK,
4UB,4,2018,July,23,2,12,R,12,R,0,0,0,0,0,0,0,0,2,2,"AR, GP",AK,
28B,7,2018,August,1,0,0,0,0,0,0,0,0,0,0,0,0,1,1,0,GP,ED,Missing  # stigma in datasheet; side notes are incomplete//AR 14Feb2019
26B,7,2018,August,1,2,5,F,12,R,0,0,0,0,0,0,0,0,2,0,GP,ED,Missing # stigma in datasheet; side notes are incomplete//AR 14Feb2019
27B,7,2018,August,1,1,5,F,0,0,0,0,0,0,0,0,0,3,1,0,GP,ED,Missing # stigma in datasheet; side notes are incomplete//AR 14Feb2019
38B,7,2018,August,1,2,7,F,4,F,0,0,0,0,0,0,0,0,2,0,GP,ED,Missing # stigma in datasheet; side notes are incomplete//AR 14Feb2019
24B,7,2018,August,1,0,0,0,0,0,0,0,0,0,0,0,0,2,0,0,GP,ED,Missing # stigma in datasheet; side notes are incomplete//AR 14Feb2019
42B,7,2018,August,1,1,3,F,0,0,0,0,0,0,0,0,0,0,2,0,GP,ED,1 stem broken//Missing  # stigma in datasheet; side notes are incomplete//AR 14Feb2019
41B,7,2018,August,1,11,12,R,24,R,24,R,12,R,12,R,1,1,2,0,GP,ED,1 pre-flower head small//Missing  # stigma in datasheet; side notes are incomplete//AR 14Feb2019
37B,7,2018,August,1,0,0,0,0,0,0,0,0,0,0,0,0,2,3,0,GP,ED,1 stem broken//Missing  # stigma in datasheet; side notes are incomplete//AR 14Feb2019
9UB,6,2018,July,30,1,2,F,0,0,0,0,0,0,0,0,0,1,1,1,AR,ED,"no flowers, but 1 stigma"
46UB,6,2018,July,30,0,0,0,0,0,0,0,0,0,0,0,0,1,1,0,AR,ED,
8UB,6,2018,July,30,0,0,0,0,0,0,0,0,0,0,0,0,1,1,0,AR,ED,
7UB,6,2018,July,30,0,0,0,0,0,0,0,0,0,0,0,0,3,2,0,AR,ED,
5UB,6,2018,July,30,1,1,F,0,0,0,0,0,0,0,0,0,1,2,1,AR,ED,
4UB,6,2018,July,30,0,0,0,0,0,0,0,0,0,0,0,0,5,6,0,AR,ED,
3UB,6,2018,July,30,0,0,0,0,0,0,0,0,0,0,0,0,2,2,0,AR,ED,
2UB,6,2018,July,30,0,0,0,0,0,0,0,0,0,0,0,0,9,2,0,AR,ED,
33UB,6,2018,July,30,1,12,R,0,0,0,0,0,0,0,0,1,0,2,0,AR,ED,no flower
10UB,6,2018,July,30,0,0,0,0,0,0,0,0,0,0,0,0,4,4,0,AR,ED,
47UB,6,2018,July,30,1,12,R,0,0,0,0,0,0,0,0,0,0,1,1,AR,ED,
1UB,6,2018,July,30,3,1,F,2,F,1,F,0,0,0,0,1,14,6,1,AR,ED,
32UB,6,2018,July,30,1,6,R,0,0,0,0,0,0,0,0,0,0,1,1,AR,ED,
31UB,6,2018,July,30,0,0,0,0,0,0,0,0,0,0,0,0,3,3,0,AR,ED,
48UB,6,2018,July,30,1,1,F,0,0,0,0,0,0,0,0,0,0,1,1,AR,ED,stigma: very herbiv.
6UB,6,2018,July,30,0,0,0,0,0,0,0,0,0,0,0,1,2,3,0,AR,ED,
12B,6,2018,July,30,0,0,0,0,0,0,0,0,0,0,0,0,18,6,0,AR,ED,
11B,6,2018,July,30,0,0,0,0,0,0,0,0,0,0,0,1,2,2,0,AR,ED,
13B,6,2018,July,30,0,0,0,0,0,0,0,0,0,0,0,0,2,2,0,AR,ED,
14B,6,2018,July,30,4,3,F,4,F,12,R,7,F,0,0,0,0,4,1,AR,ED,only 1R left at collect
15B,6,2018,July,30,0,0,0,0,0,0,0,0,0,0,0,0,2,2,0,AR,ED,
45B,6,2018,July,30,1,12,R,0,0,0,0,0,0,0,0,0,0,1,1,AR,ED,stigma: had beetle herb.
36B,6,2018,July,30,1,18,R,0,0,0,0,0,0,0,0,0,0,1,2,AR,ED,
20B,6,2018,July,30,0,0,0,0,0,0,0,0,0,0,0,0,15,7,0,AR,ED,
34B,6,2018,July,30,1,4,F,0,0,0,0,0,0,0,0,0,0,1,1,AR,ED,
43B,6,2018,July,30,1,6,R,0,0,0,0,0,0,0,0,2,0,2,0,AR,ED,stigma: beetle herb.
44B,6,2018,July,30,1,12,R,0,0,0,0,0,0,0,0,0,0,1,1,AR,ED,
19B,6,2018,July,30,3,4,F,5,F,4,F,0,0,0,0,0,0,1,3,AR,ED,
35B,6,2018,July,30,1,12,R,0,0,0,0,0,0,0,0,0,0,1,1,AR,ED,
16B,6,2018,July,30,10,6,F,6,F,12,R,12,R,12,R,0,0,4,5,AR,ED,
27B,6,2018,July,30,4,12,R,12,R,12,R,12,R,0,0,0,0,1,6,"MR, TE",ED,
41B,6,2018,July,30,13,12,R,12,R,12,R,12,R,12,R,0,1,2,1,"MR, TE",ED,
30UB,6,2018,July,30,0,0,0,0,0,0,0,0,0,0,0,0,2,1,0,"MR, TE",ED,
37UB,6,2018,July,30,1,12,R,0,0,0,0,0,0,0,0,0,0,1,1,"MR, TE",ED,
28UB,6,2018,July,30,1,2,F,0,0,0,0,0,0,0,0,0,7,3,0,"MR, TE",ED,no stigmas on plant
42UB,6,2018,July,30,0,0,0,0,0,0,0,0,0,0,0,0,2,2,0,"MR, TE",ED,
23UB,6,2018,July,30,0,0,0,0,0,0,0,0,0,0,0,0,9,9,0,"MR, TE",ED,
21UB,6,2018,July,30,0,0,0,0,0,0,0,0,0,0,0,0,4,4,0,"MR, TE",ED,
24UB,6,2018,July,30,2,12,R,2,F,0,0,0,0,0,0,2,2,6,2,"MR, TE",ED,
39UB,6,2018,July,30,1,7,F,0,0,0,0,0,0,0,0,0,0,1,0,"MR, TE",ED,couldn't find day old stigma
22UB,6,2018,July,30,0,0,0,0,0,0,0,0,0,0,0,0,1,1,0,"MR, TE",ED,
29UB,6,2018,July,30,1,4,F,0,0,0,0,0,0,0,0,0,10,5,1,"MR, TE",ED,
26UB,6,2018,July,30,0,0,0,0,0,0,0,0,0,0,0,0,1,1,0,"MR, TE",ED,
25UB,6,2018,July,30,0,0,0,0,0,0,0,0,0,0,0,0,9,3,0,"MR, TE",ED,
41UB,6,2018,July,30,2,12,R,12,R,0,0,0,0,0,0,0,2,2,6,"MR, TE",ED,
27UB,6,2018,July,30,5,12,R,12,R,12,R,12,R,6,R,0,0,3,5,"MR, TE",ED,
40UB,6,2018,July,30,2,12,R,12,R,0,0,0,0,0,0,0,0,2,2,"MR, TE",ED,
38UB,6,2018,July,30,1,18,R,0,0,0,0,0,0,0,0,0,2,2,1,"MR, TE",ED,
5UB,4,2018,July,23,2,12,R,12,R,0,0,0,0,0,0,0,0,2,2,"AR, GP",AK,
7UB,4,2018,July,23,0,0,0,0,0,0,0,0,0,0,0,0,3,3,0,"AR, GP",AK,
8UB,4,2018,July,23,1,12,R,0,0,0,0,0,0,0,0,0,0,1,1,"AR, GP",AK,
9UB,4,2018,July,23,2,3,F,24,R,0,0,0,0,0,0,0,0,1,3,"AR, GP",AK,
1B,4,2018,July,23,3,2,F,12,R,2,F,0,0,0,0,0,1,3,3,"AR, GP",AK,
2B,4,2018,July,23,3,8,F,12,R,3,F,0,0,0,0,0,0,3,3,"AR, GP",AK,
6B,4,2018,July,23,10,12,R,12,R,24,R,24,R,24,R,7,0,6,8,"AR, GP",AK,
10B,4,2018,July,23,10,24,R,12,R,12,R,24,R,24,R,1,0,2,8,"AR, GP",AK,
4B,4,2018,July,23,3,12,R,12,R,24,R,0,0,0,0,3,0,2,4,"AR, GP",AK,
31B,4,2018,July,23,1,1,F,0,0,0,0,0,0,0,0,0,0,1,1,"AR, GP",AK,
7B,4,2018,July,23,2,3,F,3,F,0,0,0,0,0,0,0,0,2,2,"AR, GP",AK,
8B,4,2018,July,23,0,0,0,0,0,0,0,0,0,0,0,0,2,2,0,"AR, GP",AK,
9UB,2,2018,July,16,1,24,R,0,0,0,0,0,0,0,0,0,NA,NA,2,AR,AR,Stem and post flowering variable not included in datasheets at and before the July 16-17-18 sampling period; NOTE: Began entering unentered data sheets; these datasheets were in an older formatting and so AR entered because interpretability was going to be an issue.
8UB,2,2018,July,16,0,0,0,0,0,0,0,0,0,0,0,1,NA,NA,0,AR,AR,
7UB,2,2018,July,16,2,12,R,12,R,0,0,0,0,0,0,1,NA,NA,4,AR,AR,
5UB,2,2018,July,16,2,24,R,18,R,0,0,0,0,0,0,0,NA,NA,4,AR,AR,
6UB,2,2018,July,16,0,0,0,0,0,0,0,0,0,0,0,3,NA,NA,0,AR,AR,
4UB,2,2018,July,16,1,24,R,0,0,0,0,0,0,0,0,4,NA,NA,2,AR,AR,
3UB,2,2018,July,16,0,0,0,0,0,0,0,0,0,0,0,2,NA,NA,0,AR,AR,
2UB,2,2018,July,16,6,24,R,24,R,24,R,24,R,24,R,2,NA,NA,12,AR,AR,
10UB,2,2018,July,16,2,3,F,6,F,0,0,0,0,0,0,3,NA,NA,2,AR,AR,
1UB,2,2018,July,16,4,36,R,24,R,3,F,3,F,0,0,13,NA,NA,7,AR,AR,
1B,2,2018,July,16,3,24,R,24,R,24,R,0,0,0,0,1,NA,NA,6,AR,AR,
10B,2,2018,July,16,2,36,R,24,R,0,0,0,0,0,0,9,NA,NA,3,AR,AR,
6B,2,2018,July,16,3,36,R,36,R,24,R,0,0,0,0,14,NA,NA,2,AR,AR,Figure out if only 1 stigma collected
4B,2,2018,July,16,2,36,R,24,R,0,0,0,0,0,0,3,NA,NA,6,AR,AR,
2B,2,2018,July,16,1,24,R,0,0,0,0,0,0,0,0,1,NA,NA,2,AR,AR,
7B,2,2018,July,16,1,24,R,0,0,0,0,0,0,0,0,0,1,NA,2,AR,AR,Note on datasheet indicates one of the two stems had finished blooming
8B,2,2018,July,16,2,36,R,36,R,0,0,0,0,0,0,0,NA,NA,6,AR,AR,
3B,2,2018,July,16,0,,,0,0,0,0,0,0,0,0,5,NA,NA,0,AR,AR,
9B,2,2018,July,16,9,24,R,24,R,36,R,24,R,24,R,4,NA,NA,14,AR,AR,
5B,2,2018,July,16,3,24,R,24,R,36,R,0,0,0,0,1,NA,NA,8,AR,AR,
12B,2,2018,July,16,7,24,R,24,R,36,R,36,R,12,R,11,NA,NA,10,AR,AR,
13B,2,2018,July,16,0,0,0,0,0,0,0,0,0,0,0,2,NA,NA,0,AR,AR,
11B,2,2018,July,16,2,36,R,36,R,0,0,0,0,0,0,0,NA,NA,6,AR,AR,
14B,2,2018,July,16,0,0,0,0,0,0,0,0,0,0,0,4,NA,NA,0,AR,AR,
15B,2,2018,July,16,0,0,0,0,0,0,0,0,0,0,0,2,NA,NA,0,AR,AR,
18B,2,2018,July,16,0,0,0,0,0,0,0,0,0,0,0,1,NA,NA,0,AR,AR,
17B,2,2018,July,16,0,0,0,0,0,0,0,0,0,0,0,2,NA,NA,0,AR,AR,
16B,2,2018,July,16,3,7,F,12,R,12,R,0,0,0,0,5,NA,NA,5,AR,AR,
19B,2,2018,July,16,1,12,R,0,0,0,0,0,0,0,0,2,NA,NA,2,AR,AR,
20B,2,2018,July,16,3,24,R,24,R,24,R,0,0,0,0,8,NA,NA,8,AR,AR,
22B,1,2018,July,11,0,0,0,0,0,0,0,0,0,0,0,NA,NA,NA,NA,AR,AR,
30B,2,2018,July,16,0,NA,NA,NA,NA,NA,NA,NA,NA,NA,NA,NA,NA,NA,NA,GP,AK,
29B,2,2018,July,16,0,0,0,0,0,0,0,0,0,0,0,NA,NA,NA,NA,GP,AK,
28B,2,2018,July,16,0,0,0,0,0,0,0,0,0,0,0,NA,NA,NA,NA,GP,AK,
27B,2,2018,July,16,0,0,0,0,0,0,0,0,0,0,0,NA,NA,NA,NA,GP,AK,
26B,2,2018,July,16,0,0,0,0,0,0,0,0,0,0,0,NA,NA,NA,NA,GP,AK,
25B,2,2018,July,16,1,24,R,0,0,0,0,0,0,0,0,NA,NA,NA,NA,GP,AK,
24B,2,2018,July,16,2,36,R,24,R,0,0,0,0,0,0,NA,NA,NA,7,GP,AK,4 pulled from stigma opened in PM
23B,2,2018,July,16,0,0,0,0,0,0,0,0,0,0,0,NA,NA,NA,NA,GP,AK,
22B,2,2018,July,16,0,0,0,0,0,0,0,0,0,0,0,NA,NA,NA,NA,GP,AK,
21B,2,2018,July,16,0,0,0,0,0,0,0,0,0,0,0,NA,NA,NA,NA,GP,AK,
30UB,2,2018,July,16,1,36,R,0,0,0,0,0,0,0,0,NA,NA,NA,3,GP,AK,
29UB,2,2018,July,16,6,8,F,36,R,6,F,30,R,24,R,NA,NA,NA,8,GP,AK,
28UB,2,2018,July,16,5,36,R,36,R,36,R,36,R,3,F,NA,NA,NA,8,GP,AK,
27UB,2,2018,July,16,0,0,0,0,0,0,0,0,0,0,0,NA,NA,NA,NA,GP,AK,
26UB,2,2018,July,16,0,0,0,0,0,0,0,0,0,0,0,NA,NA,NA,NA,GP,AK,
23UB,2,2018,July,16,9,24,R,30,R,6,F,24,R,30,R,NA,NA,NA,8,GP,AK,
24UB,2,2018,July,16,1,42,R,0,0,0,0,0,0,0,0,NA,NA,NA,4,GP,AK,
25UB,2,2018,July,16,1,24,R,0,0,0,0,0,0,0,0,NA,NA,NA,2,GP,AK,
22UB,2,2018,July,16,1,12,R,0,0,0,0,0,0,0,0,NA,NA,NA,3,GP,AK,
21UB,2,2018,July,16,3,1,F,36,R,18,R,0,0,0,0,NA,NA,NA,3,GP,AK,
20UB,2,2018,July,16,6,2,F,2,F,2,F,30,R,24,R,NA,NA,NA,4,GP,AK,
19UB,2,2018,July,16,3,15,F,36,R,42,R,0,0,0,0,NA,NA,NA,7,GP,AK,
18UB,2,2018,July,16,2,13,F,24,R,0,0,0,0,0,0,NA,NA,NA,2,GP,AK,
17UB,2,2018,July,16,0,0,0,0,0,0,0,0,0,0,0,NA,NA,NA,NA,GP,AK,
16UB,2,2018,July,16,3,2,F,18,R,14,F,0,0,0,0,NA,NA,NA,6,GP,AK,
15UB,2,2018,July,16,2,48,R,48,R,0,0,0,0,0,0,NA,NA,NA,6,GP,AK,
14UB,2,2018,July,16,0,0,0,0,0,0,0,0,0,0,0,NA,NA,NA,NA,GP,AK,
13UB,2,2018,July,16,0,0,0,0,0,0,0,0,0,0,0,NA,NA,NA,NA,GP,AK,
12UB,2,2018,July,16,2,18,R,24,R,0,0,0,0,0,0,NA,NA,NA,2,GP,AK,
11UB,2,2018,July,16,1,7,F,0,0,0,0,0,0,0,0,NA,NA,NA,1,GP,AK,
29B,1,2018,July,12,0,0,0,0,0,0,0,0,0,0,0,3,NA,NA,NA,AR,AK,
30B,1,2018,July,12,0,0,0,0,0,0,0,0,0,0,0,5,NA,NA,NA,AR,AK,
28B,1,2018,July,12,0,0,0,0,0,0,0,0,0,0,0,1,NA,NA,NA,AR,AK,
27B,1,2018,July,12,0,0,0,0,0,0,0,0,0,0,0,4,NA,NA,NA,AR,AK,
26B,1,2018,July,12,0,0,0,0,0,0,0,0,0,0,0,2,NA,NA,NA,AR,AK,
23B,1,2018,July,12,0,0,0,0,0,0,0,0,0,0,0,8,NA,NA,NA,AR,AK,
24B,1,2018,July,12,1,12,R,0,0,0,0,0,0,0,0,2,NA,NA,NA,AR,AK,
25B,1,2018,July,12,0,0,0,0,0,0,0,0,0,0,0,3,NA,NA,NA,AR,AK,
22B,1,2018,July,12,0,0,0,0,0,0,0,0,0,0,0,1,NA,NA,NA,AR,AK,
21B,1,2018,July,12,0,0,0,0,0,0,0,0,0,0,0,1,NA,NA,NA,AR,AK,
30UB,1,2018,July,12,1,24,R,0,0,0,0,0,0,0,0,NA,NA,NA,1,AR,AK,"note* data sheet reads ""1/2 of 2 rows"" and ""stigma withered"""
28UB,1,2018,July,12,4,24,R,36,R,48,R,48,R,0,0,NA,NA,NA,12,AR,AK,
26UB,1,2018,July,12,0,0,0,0,0,0,0,0,0,0,0,1,NA,NA,NA,AR,AK,
25UB,1,2018,July,12,0,0,0,0,0,0,0,0,0,0,0,10,NA,NA,NA,AR,AK,
27UB,1,2018,July,12,0,0,0,0,0,0,0,0,0,0,0,6,NA,NA,NA,AR,AK,
29UB,1,2018,July,12,5,24,R,24,R,24,R,24,R,18,R,NA,NA,NA,12,AR,AK,"note*one flower head noted as ""1/2 of 2 rows"""
22UB,1,2018,July,12,0,0,0,0,0,0,0,0,0,0,0,1,NA,NA,NA,AR,AK,
24UB,1,2018,July,12,1,24,R,0,0,0,0,0,0,0,0,7,NA,NA,2,AR,AK,
21UB,1,2018,July,12,3,24,R,24,R,24,R,0,0,0,0,5,NA,NA,9,AR,AK,
23UB,1,2018,July,12,5,24,R,24,R,24,R,24,R,24,R,8,NA,NA,16,AR,AK,"note* data sheet says ""5 flowers"" next to row counts"
11UB,1,2018,July,12,0,0,0,0,0,0,0,0,0,0,0,2,NA,NA,NA,AR,AK,
20UB,1,2018,July,12,5,24,R,24,R,24,R,24,R,24,R,NA,NA,NA,15,AR,AK,
18UB,1,2018,July,12,2,24,R,24,R,0,0,0,0,0,0,NA,NA,NA,6,AR,AK,
16UB,1,2018,July,12,1,24,R,0,0,0,0,0,0,0,0,NA,NA,NA,3,AR,AK,
13UB,1,2018,July,12,0,0,0,0,0,0,0,0,0,0,0,1,NA,NA,NA,AR,AK,
15UB,1,2018,July,12,0,0,0,0,0,0,0,0,0,0,0,11,NA,NA,NA,AR,AK,
14UB,1,2018,July,12,0,0,0,0,0,0,0,0,0,0,0,6,NA,NA,NA,AR,AK,
12UB,1,2018,July,12,2,24,R,24,R,0,0,0,0,0,0,3,NA,NA,NA,AR,AK,
19UB,1,2018,July,12,7,24,R,24,R,24,R,24,R,24,R,17,NA,NA,NA,AR,AK,
17UB,1,2018,July,12,0,0,0,0,0,0,0,0,0,0,0,3,NA,NA,NA,AR,AK,note* there might be a recorded stigma number but can't make it out
20B,1,2018,July,12,2,24,R,12,R,0,0,0,0,0,0,13,NA,NA,3,AR,AK,
19B,1,2018,July,12,0,0,0,0,0,0,0,0,0,0,0,3,NA,NA,NA,AR,AK,
15B,1,2018,July,12,0,0,0,0,0,0,0,0,0,0,0,2,NA,NA,NA,AR,AK,
14B,1,2018,July,12,0,0,0,0,0,0,0,0,0,0,0,4,NA,NA,NA,AR,AK,
17B,1,2018,July,12,0,0,0,0,0,0,0,0,0,0,0,2,NA,NA,NA,AR,AK,
16B,1,2018,July,12,0,0,0,0,0,0,0,0,0,0,0,10,NA,NA,NA,AR,AK,
18B,1,2018,July,12,0,0,0,0,0,0,0,0,0,0,0,1,NA,NA,NA,AR,AK,
13B,1,2018,July,12,0,0,0,0,0,0,0,0,0,0,0,2,NA,NA,NA,AR,AK,
11B,1,2018,July,12,0,0,0,0,0,0,0,0,0,0,0,3,NA,NA,NA,AR,AK,
12B,1,2018,July,12,2,24,R,24,R,0,0,0,0,0,0,16,NA,NA,3,AR,AK,
5B,1,2018,July,12,0,0,0,0,0,0,0,0,0,0,0,4,NA,NA,NA,AR,AK,
9B,1,2018,July,12,3,24,R,24,R,24,R,0,0,0,0,11,NA,NA,9,AR,AK,
3B,1,2018,July,12,0,0,0,0,0,0,0,0,0,0,0,5,NA,NA,NA,AR,AK,
8B,1,2018,July,12,1,3,F,0,0,0,0,0,0,0,0,1,NA,NA,NA,AR,AK,
7B,1,2018,July,12,0,0,0,0,0,0,0,0,0,0,0,2,NA,NA,NA,AR,AK,
4B,1,2018,July,12,0,0,0,0,0,0,0,0,0,0,0,6,NA,NA,NA,AR,AK,
2B,1,2018,July,12,0,0,0,0,0,0,0,0,0,0,0,2,NA,NA,NA,AR,AK,
1B,1,2018,July,12,0,0,0,0,0,0,0,0,0,0,0,4,NA,NA,NA,AR,AK,
6B,1,2018,July,12,0,0,0,0,0,0,0,0,0,0,0,17,NA,NA,NA,AR,AK,
10B,1,2018,July,12,0,0,0,0,0,0,0,0,0,0,0,11,NA,NA,NA,AR,AK,
7UB,1,2018,July,12,2,24,R,24,R,0,0,0,0,0,0,NA,NA,NA,3,AR,AK,
9UB,1,2018,July,12,0,0,0,0,0,0,0,0,0,0,0,2,NA,NA,NA,AR,AK,
8UB,1,2018,July,12,0,0,0,0,0,0,0,0,0,0,0,1,NA,NA,NA,AR,AK,
5UB,1,2018,July,12,1,24,R,0,0,0,0,0,0,0,0,NA,NA,NA,3,AR,AK,
6UB,1,2018,July,12,0,0,0,0,0,0,0,0,0,0,0,3,NA,NA,NA,AR,AK,
3UB,1,2018,July,12,0,0,0,0,0,0,0,0,0,0,0,2,NA,NA,NA,AR,AK,
2UB,1,2018,July,12,1,24,R,0,0,0,0,0,0,0,0,7,NA,NA,3,AR,AK,
4UB,1,2018,July,12,0,0,0,0,0,0,0,0,0,0,0,5,NA,NA,NA,AR,AK,
1UB,1,2018,July,12,0,0,0,0,0,0,0,0,0,0,0,17,NA,NA,NA,AR,AK,
10UB,1,2018,July,12,3,24,R,24,R,12,R,0,0,0,0,2,NA,NA,9,AR,AK,
10B,1,2018,July,11,0,0,0,0,0,0,0,0,0,0,0,NA,NA,NA,NA,,AK,
8B,1,2018,July,11,0,0,0,0,0,0,0,0,0,0,0,NA,NA,NA,NA,,AK,
7B,1,2018,July,11,0,0,0,0,0,0,0,0,0,0,0,NA,NA,NA,NA,,AK,
6B,1,2018,July,11,0,0,0,0,0,0,0,0,0,0,0,NA,NA,NA,NA,,AK,
4B,1,2018,July,11,0,0,0,0,0,0,0,0,0,0,0,NA,NA,NA,NA,,AK,
2B,1,2018,July,11,0,0,0,0,0,0,0,0,0,0,0,NA,NA,NA,NA,,AK,
1B,1,2018,July,11,0,0,0,0,0,0,0,0,0,0,0,NA,NA,NA,NA,,AK,
9UB,1,2018,July,11,0,0,0,0,0,0,0,0,0,0,0,NA,NA,NA,NA,,AK,
8UB,1,2018,July,11,0,0,0,0,0,0,0,0,0,0,0,NA,NA,NA,NA,,AK,
7UB,1,2018,July,11,2,24,R,30,R,0,0,0,0,0,0,NA,NA,NA,NA,,AK,
6UB,1,2018,July,11,0,0,0,0,0,0,0,0,0,0,0,NA,NA,NA,NA,,AK,
5UB,1,2018,July,11,1,24,R,0,0,0,0,0,0,0,0,NA,NA,NA,NA,,AK,
4UB,1,2018,July,11,0,0,0,0,0,0,0,0,0,0,0,NA,NA,NA,NA,,AK,
3UB,1,2018,July,11,0,0,0,0,0,0,0,0,0,0,0,NA,NA,NA,NA,,AK,
2UB,1,2018,July,11,1,36,R,0,0,0,0,0,0,0,0,NA,NA,NA,NA,,AK,
1UB,1,2018,July,11,0,0,0,0,0,0,0,0,0,0,0,NA,NA,NA,NA,,AK,
1B,2,2018,July,18,3,12,R,12,R,12,R,0,0,0,0,1,0,NA,3,DP,AK,modified data sheet
4B,2,2018,July,18,2,12,R,12,R,0,0,0,0,0,0,4,0,NA,2,DP,AK,modified data sheet
5B,2,2018,July,18,5,12,R,18,R,12,R,12,R,12,R,0,0,NA,5,DP,AK,modified data sheet
14UB,2,2018,July,18,0,0,0,0,0,0,0,0,0,0,0,0,6,NA,0,DP,AK,modified data sheet
16UB,2,2018,July,18,2,4,F,2,F,0,0,0,0,0,0,0,1,NA,2,DP,AK,modified data sheet
21UB,2,2018,July,18,1,1,F,0,0,0,0,0,0,0,0,0,4,NA,1,DP,AK,modified data sheet
22UB,2,2018,July,18,0,0,0,0,0,0,0,0,0,0,0,0,1,NA,0,DP,AK,modified data sheet
23UB,2,2018,July,18,0,0,0,0,0,0,0,0,0,0,0,0,9,NA,0,DP,AK,modified data sheet
24UB,2,2018,July,18,2,12,R,1,F,0,0,0,0,0,0,4,0,NA,2,DP,AK,modified data sheet
29UB,2,2018,July,18,2,12,R,2,F,0,0,0,0,0,0,0,9,NA,2,DP,AK,modified data sheet
30UB,2,2018,July,18,1,5,F,0,0,0,0,0,0,0,0,1,0,NA,1,DP,AK,modified data sheet
23B,2,2018,July,18,2,1,F,1,F,0,0,0,0,0,0,7,0,NA,2,DP,AK,modified data sheet
24B,2,2018,July,18,2,2,F,5,F,0,0,0,0,0,0,0,0,NA,2,DP,AK,modified data sheet
25B,2,2018,July,18,3,12,R,12,R,12,R,0,0,0,0,0,0,NA,3,DP,AK,modified data sheet
26B,2,2018,July,18,0,0,0,0,0,0,0,0,0,0,0,2,0,NA,0,DP,AK,modified data sheet
28B,2,2018,July,18,0,0,0,0,0,0,0,0,0,0,0,1,0,NA,0,DP,AK,modified data sheet
29B,2,2018,July,18,0,0,0,0,0,0,0,0,0,0,0,3,0,NA,0,DP,AK,modified data sheet
7B,2,2018,July,18,2,24,R,18,R,0,0,0,0,0,0,NA,NA,NA,4,GP,AK,
10UB,2,2018,July,18,0,NA,NA,NA,NA,NA,NA,NA,NA,NA,NA,NA,NA,NA,NA,GP,AK,"note* done wilting, all stigma wilted/gone"
9UB,2,2018,July,18,1,24,R,0,0,0,0,0,0,0,0,NA,NA,NA,2,GP,AK,
8UB,2,2018,July,18,1,18,R,0,0,0,0,0,0,0,0,NA,NA,NA,2,GP,AK,
7UB,2,2018,July,18,3,2,F,3,F,7,F,0,0,0,0,NA,NA,NA,2,GP,AK,
6UB,2,2018,July,18,0,0,0,0,0,0,0,0,0,0,0,NA,NA,NA,0,GP,AK,
5UB,2,2018,July,18,2,12,R,27,R,0,0,0,0,0,0,NA,NA,NA,3,GP,AK,
4UB,2,2018,July,18,2,12,R,18,R,0,0,0,0,0,0,NA,NA,NA,3,GP,AK,
3UB,2,2018,July,18,0,0,0,0,0,0,0,0,0,0,0,NA,NA,NA,0,GP,AK,
2UB,2,2018,July,18,6,6,F,8,F,3,F,12,R,5,F,NA,NA,NA,6,GP,AK,
1UB,2,2018,July,18,5,12,R,7,F,18,R,18,R,8,F,NA,NA,NA,5,GP,AK,
20B,2,2018,July,18,5,6,R,18,R,5,F,18,R,12,R,NA,NA,NA,6,GP,AK,
19B,2,2018,July,18,1,6,F,0,0,0,0,0,0,0,0,NA,NA,NA,1,GP,AK,
18B,2,2018,July,18,0,0,0,0,0,0,0,0,0,0,0,NA,NA,NA,0,GP,AK,
17B,2,2018,July,18,1,18,R,0,0,0,0,0,0,0,0,NA,NA,NA,2,GP,AK,
16B,2,2018,July,18,3,12,R,24,R,12,R,0,0,0,0,NA,NA,NA,4,GP,AK,
15B,2,2018,July,18,1,2,F,0,0,0,0,0,0,0,0,NA,NA,NA,1,GP,AK,
14B,2,2018,July,18,0,0,0,0,0,0,0,0,0,0,0,NA,NA,NA,0,GP,AK,
13B,2,2018,July,18,0,0,0,0,0,0,0,0,0,0,0,NA,NA,NA,0,GP,AK,
12B,2,2018,July,18,5,6,R,12,R,12,R,24,R,6,R,NA,NA,NA,6,GP,AK,
11B,2,2018,July,18,2,18,R,9,F,0,0,0,0,0,0,NA,NA,NA,3,GP,AK,
19UB,2,2018,July,18,10,18,R,12,R,12,R,18,R,6,F,NA,NA,NA,12,GP,AK,
18UB,2,2018,July,18,0,NA,NA,NA,NA,NA,NA,NA,NA,NA,NA,NA,NA,NA,NA,GP,AK,"""done blooming? no flowers/stigma"""
17UB,2,2018,July,18,1,9,F,0,0,0,0,0,0,0,0,NA,NA,NA,1,GP,AK,
15UB,2,2018,July,18,2,6,R,18,R,0,0,0,0,0,0,NA,NA,NA,3,GP,AK,
13UB,2,2018,July,18,0,0,0,0,0,0,0,0,0,0,0,NA,NA,NA,0,GP,AK,
2B,2,2018,July,18,1,12,R,0,0,0,0,0,0,0,0,1,0,NA,1,AR,AK,
3B,2,2018,July,18,0,0,0,0,0,0,0,0,0,0,0,5,0,NA,NA,AR,AK,
6B,2,2018,July,18,4,12,R,12,R,24,R,24,R,0,0,13,0,NA,6,AR,AK,
8B,2,2018,July,18,2,12,R,12,R,0,0,0,0,0,0,0,0,NA,2,AR,AK,
9B,2,2018,July,18,11,12,R,12,R,12,R,12,R,12,R,3,0,NA,6,AR,AK,"AR check data sheet for pre/post numbers, unclear"
10B,2,2018,July,18,2,12,R,12,R,0,0,0,0,0,0,9,0,NA,2,AR,AK,
30B,2,2018,July,18,1,12,R,0,0,0,0,0,0,0,0,4,0,NA,1,AR,AK,
27B,2,2018,July,18,1,18,R,0,0,0,0,0,0,0,0,3,0,NA,2,AR,AK,
22B,2,2018,July,18,2,12,R,12,R,0,0,0,0,0,0,0,0,NA,NA,AR,AK,
21B,2,2018,July,18,0,0,0,0,0,0,0,0,0,0,0,1,0,NA,NA,AR,AK,
28UB,2,2018,July,18,8,12,R,12,R,12,R,12,R,12,R,5,0,NA,6,AR,AK,labeled as unburned in ID column but burned in treatment column
27UB,2,2018,July,18,1,24,R,0,0,0,0,0,0,0,0,5,0,NA,NA,AR,AK,labeled as unburned in ID column but burned in treatment column
25UB,2,2018,July,18,1,6,R,0,0,0,0,0,0,0,0,7,0,NA,1,AR,AK,labeled as unburned in ID column but burned in treatment column
26UB,2,2018,July,18,1,4,F,0,0,0,0,0,0,0,0,0,0,NA,1,AR,AK,labeled as unburned in ID column but burned in treatment column
20UB,2,2018,July,18,1,4,F,0,0,0,0,0,0,0,0,0,5,NA,1,AR,AK,
11UB,2,2018,July,18,0,0,0,0,0,0,0,0,0,0,0,0,2,NA,NA,AR,AK,
12UB,2,2018,July,18,1,12,R,0,0,0,0,0,0,0,0,0,2,NA,1,AR,,
25B,1,2018,July,11,0,0,0,0,0,0,0,0,0,0,0,NA,NA,NA,NA,,,
29UB,1,2018,July,11,5,12,R,24,R,24,R,18,R,12,R,NA,NA,NA,NA,,,
19UB,1,2018,July,11,6,24,R,24,R,24,R,24,R,24,R,NA,NA,NA,NA,,,
12B,1,2018,July,11,2,24,R,1,F,0,0,0,0,0,0,NA,NA,NA,NA,,,
9B,1,2018,July,11,3,12,R,12,R,6,R,0,0,0,0,NA,NA,NA,NA,,,
5B,1,2018,July,11,0,0,0,0,0,0,0,0,0,0,0,NA,NA,NA,NA,,,
3B,1,2018,July,11,0,0,0,0,0,0,0,0,0,0,0,NA,NA,NA,NA,,,
10UB,1,2018,July,11,3,24,R,24,R,24,R,0,0,0,0,NA,NA,NA,NA,,,
20UB,1,2018,July,11,5,18,R,24,R,36,R,12,R,12,R,NA,NA,NA,NA,,,
18UB,1,2018,July,11,2,24,R,36,R,0,0,0,0,0,0,NA,NA,NA,NA,,,
17UB,1,2018,July,11,0,0,0,0,0,0,0,0,0,0,0,NA,NA,NA,NA,,,
16UB,1,2018,July,11,1,6,R,0,0,0,0,0,0,0,0,NA,NA,NA,NA,,,
15UB,1,2018,July,11,0,0,0,0,0,0,0,0,0,0,0,NA,NA,NA,NA,,,
14UB,1,2018,July,11,0,0,0,0,0,0,0,0,0,0,0,NA,NA,NA,NA,,,
13UB,1,2018,July,11,0,0,0,0,0,0,0,0,0,0,0,NA,NA,NA,NA,,,
12UB,1,2018,July,11,0,0,0,0,0,0,0,0,0,0,0,NA,NA,NA,NA,,,
11UB,1,2018,July,11,0,0,0,0,0,0,0,0,0,0,0,NA,NA,NA,NA,,,
20B,1,2018,July,11,1,24,R,0,0,0,0,0,0,0,0,NA,NA,NA,NA,,,
19B,1,2018,July,11,0,0,0,0,0,0,0,0,0,0,0,NA,NA,NA,NA,,,
18B,1,2018,July,11,0,0,0,0,0,0,0,0,0,0,0,NA,NA,NA,NA,,,
17B,1,2018,July,11,0,0,0,0,0,0,0,0,0,0,0,NA,NA,NA,NA,,,
16B,1,2018,July,11,1,1,F,0,0,0,0,0,0,0,0,NA,NA,NA,NA,,,
15B,1,2018,July,11,0,0,0,0,0,0,0,0,0,0,0,NA,NA,NA,NA,,,
14B,1,2018,July,11,0,0,0,0,0,0,0,0,0,0,0,NA,NA,NA,NA,,,
13B,1,2018,July,11,0,0,0,0,0,0,0,0,0,0,0,NA,NA,NA,NA,,,
11B,1,2018,July,11,0,0,0,0,0,0,0,0,0,0,0,NA,NA,NA,NA,,,
30B,1,2018,July,11,0,0,0,0,0,0,0,0,0,0,0,NA,NA,NA,NA,,,
29B,1,2018,July,11,0,0,0,0,0,0,0,0,0,0,0,NA,NA,NA,NA,,,
28B,1,2018,July,11,0,0,0,0,0,0,0,0,0,0,0,NA,NA,NA,NA,,,
27B,1,2018,July,11,0,0,0,0,0,0,0,0,0,0,0,NA,NA,NA,NA,,,
26B,1,2018,July,11,0,0,0,0,0,0,0,0,0,0,0,NA,NA,NA,NA,,,
24B,1,2018,July,11,0,0,0,0,0,0,0,0,0,0,0,NA,NA,NA,NA,,,
23B,1,2018,July,11,0,0,0,0,0,0,0,0,0,0,0,NA,NA,NA,NA,,,
21B,1,2018,July,11,0,0,0,0,0,0,0,0,0,0,0,NA,NA,NA,NA,,,
30UB,1,2018,July,11,1,1,F,0,0,0,0,0,0,0,0,NA,NA,NA,NA,,,
28UB,1,2018,July,11,4,24,R,24,R,24,R,24,R,0,0,NA,NA,NA,NA,,,
27UB,1,2018,July,11,0,0,0,0,0,0,0,0,0,0,0,NA,NA,NA,NA,,,
26UB,1,2018,July,11,0,0,0,0,0,0,0,0,0,0,0,NA,NA,NA,NA,,,
25UB,1,2018,July,11,0,0,0,0,0,0,0,0,0,0,0,NA,NA,NA,NA,,,
24UB,1,2018,July,11,1,8,F,0,0,0,0,0,0,0,0,NA,NA,NA,NA,,,
23UB,1,2018,July,11,6,24,R,24,R,6,R,9,R,0,0,NA,NA,NA,NA,,,
22UB,1,2018,July,11,0,0,0,0,0,0,0,0,0,0,0,NA,NA,NA,NA,,,
21UB,1,2018,July,11,3,24,R,42,R,30,R,0,0,0,0,NA,NA,NA,NA,,,
