stigmaID,plantID,slide#,cover,day,round,month,year,stigma#,dpurp_pollen,amocan_pollen,aster_pollen,dcand_pollen,unknown_hetero_pollen,date_processed,processed_by,notes
20b_1_1_12July,20B,1,l,12,1,July,2018,1,6,76,0,0,0,9/14/2018,AR,almost all hetero is amorpha (i'm 95% certain it composes 99% of hetero load)
20b_1_2_12July,20B,1,l,12,1,July,2018,2,6,3,0,0,0,9/14/2018,AR,
20b_1_3_12july,20B,1,l,12,1,July,2018,3,5,1,0,0,0,9/14/2018,AR,
30ub_1_1_12july,30UB,1,r,12,1,July,2018,1,NA,NA,NA,NA,NA,9/14/2018,AR,stigma tip missing
29ub_2_1_12july,29UB,2,l,12,1,July,2018,1,NA,NA,NA,NA,NA,9/14/2018,AR,stigma tip missing
5ub_2_1_12july,5UB,2,r,12,1,July,2018,1,NA,NA,NA,NA,NA,9/14/2018,AR,stigma tip missing
5ub_2_2_12july,5UB,2,r,12,1,July,2018,2,0,1,0,0,0,9/14/2018,AR,
5ub_2_3_12july,5UB,2,r,12,1,July,2018,3,0,0,0,0,0,9/14/2018,AR,
2ub_3_1_12july,2UB,3,r,12,1,July,2018,1,58,0,1,0,0,9/14/2018,AR,24Oct: maybe 1-2 candida?
2ub_3_2_12july,2UB,3,r,12,1,July,2018,2,30,0,4,0,0,9/14/2018,AR,
2ub_3_3_12july,2UB,3,r,12,1,July,2018,3,13,6,0,0,0,9/14/2018,AR,
12b_4_1_12july,12B,4,l,12,1,July,2018,1,0,1,0,0,0,9/14/2018,AR,
12b_4_2_12july,12B,4,l,12,1,July,2018,2,0,0,0,0,0,9/14/2018,AR,
12b_4_1_12july,12B,4,r,12,1,July,2018,1,1,26,0,0,0,9/14/2018,AR,marked 2s only 1s
9b_5_1_12july,9B,5,l,12,1,July,2018,1,5,27,0,0,0,9/14/2018,AR,
9b_5_2_12july,9B,5,l,12,1,July,2018,2,0,0,0,0,0,9/14/2018,AR,
9b_5_1_12july,9B,5,r,12,1,July,2018,1,9,8,0,0,0,9/14/2018,AR,
9b_5_2_12july,9B,5,r,12,1,July,2018,2,9,29,0,0,0,9/14/2018,AR,
9b_5_3_12july,9B,5,r,12,1,July,2018,3,0,0,0,0,0,9/14/2018,AR,
9b_6_1_12july,9B,6,l,12,1,July,2018,1,9,31,0,0,0,9/14/2018,AR,
9b_6_2_12july,9B,6,l,12,1,July,2018,2,4,29,0,0,0,9/14/2018,AR,
29ub_6_1_12july,29UB,6,r,12,1,July,2018,1,0,0,0,0,0,9/14/2018,AR,
29ub_6_2_12july,29UB,6,r,12,1,July,2018,2,0,0,0,0,0,9/14/2018,AR,
16ub_7_1_12july,16UB,7,l,12,1,July,2018,1,11,3,0,1,0,9/14/2018,AR,
24ub_7_1_12july,24UB,7,r,12,1,July,2018,1,3,4,0,0,0,9/14/2018,AR,
24ub_7_2_12july,24UB,7,r,12,1,July,2018,2,11,0,0,1,0,9/14/2018,AR,
7ub_8_1_12july,7UB,8,l,12,1,July,2018,1,21,0,1,0,0,9/14/2018,AR,
7ub_8_2_12july,7UB,8,l,12,1,July,2018,2,12,0,0,0,0,9/14/2018,AR,
7ub_8_1_12july,7UB,8,r,12,1,July,2018,1,3,3,0,0,0,9/14/2018,AR,2 dalpur pollen grains suspended near stigma maybe dislodged
7ub_8_2_12july,7UB,8,r,12,1,July,2018,2,2,0,0,0,1,9/14/2018,AR,
10ub_9_1_12july,10UB,9,l,12,1,July,2018,1,0,0,0,0,0,9/14/2018,AR,
10ub_9_2_12july,10UB,9,l,12,1,July,2018,2,0,0,1,0,0,9/14/2018,AR,
10ub_9_1_12july,10UB,9,r,12,1,July,2018,1,0,0,0,0,0,9/14/2018,AR,
10ub_9_2_12july,10UB,9,r,12,1,July,2018,2,NA,NA,NA,NA,NA,9/14/2018,AR,stigma appears broken off
10ub_9_3_12july,10UB,9,r,12,1,July,2018,3,4,0,0,0,0,9/14/2018,AR,
10ub_10_1_12july,10UB,10,l,12,1,July,2018,1,19,0,0,0,0,9/14/2018,AR,
10ub_10_2_12july,10UB,10,l,12,1,July,2018,2,24,1,0,0,0,9/14/2018,AR,
10ub_10_3_12july,10UB,10,l,12,1,July,2018,3,0,0,0,0,0,9/14/2018,AR,
18ub_10_1_12july,18UB,10,r,12,1,July,2018,1,NA,NA,NA,NA,NA,9/14/2018,AR,stigma appears damaged; some pollen nearby 
18ub_10_2_12july,18UB,10,r,12,1,July,2018,2,2,0,0,0,0,9/14/2018,AR,
18ub_10_3_12july,18UB,10,r,12,1,July,2018,3,2,1,0,0,0,9/14/2018,AR,
18ub_11_1_12july,18UB,11,l,12,1,July,2018,1,4,2,0,0,0,9/17/2018,AR,
18ub_11_2_12july,18UB,11,l,12,1,July,2018,2,5,0,0,1,0,9/17/2018,AR,
18ub_11_3_12july,18UB,11,l,12,1,July,2018,3,3,6,1,1,0,9/17/2018,AR,
21ub_11_1_12july,21UB,11,r,12,1,July,2018,1,14,5,5,2,2,9/17/2018,AR,recounted 10/26/2018
21ub_11_2_12july,21UB,11,r,12,1,July,2018,2,18,4,0,0,3,9/17/2018,AR,
21ub_11_3_12july,21UB,11,r,12,1,July,2018,3,12,13,0,0,0,9/17/2018,AR,
21ub_12_1_12july,21UB,12,l,12,1,July,2018,1,0,0,0,0,0,9/17/2018,AR,
21ub_12_2_12july,21UB,12,l,12,1,July,2018,2,2,0,0,0,0,9/17/2018,AR,
21ub_12_3_12july,21UB,12,l,12,1,July,2018,3,2,0,0,0,0,9/17/2018,AR,
21ub_12_1_12july,21UB,12,r,12,1,July,2018,1,0,0,0,0,0,9/17/2018,AR,
21ub_12_2_12july,21UB,12,r,12,1,July,2018,2,6,2,0,0,0,9/17/2018,AR,
21ub_12_3_12july,21UB,12,r,12,1,July,2018,3,13,7,1,0,1,9/17/2018,AR,
28ub_13_1_12july,28UB,13,l,12,1,July,2018,1,4,17,0,0,0,9/17/2018,AR,
28ub_13_2_12july,28UB,13,l,12,1,July,2018,2,10,9,0,0,0,9/17/2018,AR,
28ub_13_3_12july,28UB,13,l,12,1,July,2018,3,3,7,0,0,0,9/17/2018,AR,
28ub_13_1_12july,28UB,13,r,12,1,July,2018,1,19,7,0,1,1,9/17/2018,AR,
28ub_13_2_12july,28UB,13,r,12,1,July,2018,2,1,0,0,0,0,9/17/2018,AR,
28ub_13_3_12july,28UB,13,r,12,1,July,2018,3,23,16,0,0,0,9/17/2018,AR,
28ub_14_1_12july,28UB,14,l,12,1,July,2018,1,1,20,0,0,0,9/17/2018,AR,reheated and pressed slide to better view pollen; tore stigma tip and moved some adhered pollen directly above stigma ~1 slide view. Kept in count
28ub_14_2_12july,28UB,14,l,12,1,July,2018,2,17,8,0,0,0,9/17/2018,AR,reheated and pressed slide to better view pollen; may have tore stigma tip and moved some adhered pollen as with stigma 1 for this slide; # of grains possibly  removed:  6 dalpur; 1 amocan; 1 dalcan; and 1 aster
28ub_14_3_12july,28UB,14,l,12,1,July,2018,3,2,0,0,0,0,9/17/2018,AR,
28ub_14_1_12july,28UB,14,r,12,1,July,2018,1,3,0,1,1,0,9/17/2018,AR,
28ub_14_2_12july,28UB,14,r,12,1,July,2018,2,11,11,1,0,0,9/17/2018,AR,
28ub_14_3_12july,28UB,14,r,12,1,July,2018,3,1,0,1,1,0,9/17/2018,AR,
20ub_15_1_12july,20UB,15,l,12,1,July,2018,1,0,0,0,0,0,9/17/2018,AR,
20ub_15_2_12july,20UB,15,l,12,1,July,2018,2,5,1,0,0,0,9/17/2018,AR,
20ub_15_3_12july,20UB,15,l,12,1,July,2018,3,1,0,0,0,0,9/17/2018,AR,
20ub_15_1_12july,20UB,15,r,12,1,July,2018,1,1,1,0,0,0,9/17/2018,AR,
20ub_15_2_12july,20UB,15,r,12,1,July,2018,2,5,0,0,0,0,9/17/2018,AR,
20ub_15_3_12july,20UB,15,r,12,1,July,2018,3,11,4,0,0,0,9/17/2018,AR,reheated; stigma tip torn but pollen in immediate area was all present initially
20ub_16_1_12july,20UB,16,l,12,1,July,2018,1,0,0,0,0,0,9/17/2018,AR,
20ub_16_2_12july,20UB,16,l,12,1,July,2018,2,0,1,0,0,0,9/17/2018,AR,
20ub_16_1_12july,20UB,16,r,12,1,July,2018,1,0,0,0,0,0,9/17/2018,AR,
20ub_16_2_12july,20UB,16,r,12,1,July,2018,2,0,0,0,0,0,9/17/2018,AR,
20ub_16_3_12july,20UB,16,r,12,1,July,2018,3,0,1,0,0,0,9/17/2018,AR,
20ub_17_1_12july,20UB,17,l,12,1,July,2018,1,1,0,0,0,0,9/17/2018,AR,
20ub_17_2_12july,20UB,17,l,12,1,July,2018,2,0,0,0,0,0,9/17/2018,AR,tip yellow; pollinated but pollen became dislodged?
20ub_17_3_12july,20UB,17,l,12,1,July,2018,3,4,0,0,0,0,9/17/2018,AR,tip smashed against style; lots of dalpur pollen nearby likely indicating this underestiamtes quantity deposited
29ub_17_1_12july,29UB,17,r,12,1,July,2018,1,0,0,1,0,0,9/17/2018,AR,
29ub_18_1_12july,29UB,18,l,12,1,July,2018,1,NA,NA,NA,NA,NA,9/17/2018,AR,no tip; whole ovule pulled
29ub_18_2_12july,29UB,18,l,12,1,July,2018,2,0,0,0,0,0,9/17/2018,AR,
29ub_18_1_12july,29UB,18,r,12,1,July,2018,1,0,0,0,0,0,9/17/2018,AR,
29ub_18_2_12july,29UB,18,r,12,1,July,2018,2,NA,NA,NA,NA,NA,9/17/2018,AR,stigma appears damaged from squashing; EDIT 10/26: decided to change to NA because stigma structure is not readily apparent and I will be unable to provide --AR
29ub_18_3_12july,29UB,18,r,12,1,July,2018,3,NA,NA,NA,NA,NA,9/17/2018,AR,tip missing
23ub_19_1_12july,23UB,19,l,12,1,July,2018,1,3,0,0,0,0,9/17/2018,AR,
23ub_19_2_12july,23UB,19,l,12,1,July,2018,2,1,0,0,0,0,9/17/2018,AR,
23ub_19_3_12july,23UB,19,l,12,1,July,2018,3,0,0,0,0,0,9/17/2018,AR,
23ub_19_1_12july,23UB,19,r,12,1,July,2018,1,0,0,0,0,0,9/17/2018,AR,
23ub_19_2_12july,23UB,19,r,12,1,July,2018,2,1,0,0,0,0,9/17/2018,AR,torn stigma tip with a few dalpur pollen grains nearby; EDIT 10/26: recount with AK;  because of lots of surrounding pollen changes count to 1 dalpur instead of 2 because can't say if it was definitely on the stigma originally--AR
23ub_19_3_12july,23UB,19,r,12,1,July,2018,3,7,0,2,0,0,9/17/2018,AR,~10 nearby dalpur pollen grains
23ub_20_1_12july,23UB,20,l,12,1,July,2018,1,NA,NA,NA,NA,NA,9/17/2018,AR,tip torn off; lobes missing
23ub_20_2_12july,23UB,20,l,12,1,July,2018,2,NA,NA,NA,NA,NA,9/17/2018,AR,tip torn off; lobes missing
23ub_20_1_12july,23UB,20,r,12,1,July,2018,1,0,0,0,0,0,9/17/2018,AR,
23ub_20_2_12july,23UB,20,r,12,1,July,2018,2,4,3,0,0,0,9/17/2018,AR,
23ub_20_3_12july,23UB,20,r,12,1,July,2018,3,0,0,0,0,0,9/17/2018,AR,slight yellowing but no pollen
23ub_21_1_12july,23UB,21,l,12,1,July,2018,1,NA,NA,NA,NA,NA,9/17/2018,AR,tip torn off; lobes missing
23ub_21_1_12july,23UB,21,r,12,1,July,2018,1,0,0,0,0,0,9/17/2018,AR,
23ub_21_2_12july,23UB,21,r,12,1,July,2018,2,3,0,0,0,0,9/17/2018,AR,
19ub_22_1_12july,19UB,22,l,12,1,July,2018,1,0,0,0,0,0,9/17/2018,AR,
19ub_22_2_12july,19UB,22,l,12,1,July,2018,2,0,0,0,0,0,9/17/2018,AR,
19ub_22_3_12july,19UB,22,l,12,1,July,2018,3,0,0,0,0,0,9/17/2018,AR,
19ub_22_1_12july,19UB,22,r,12,1,July,2018,1,0,8,0,0,0,9/17/2018,AR,tip torn by reheating and repressing; pollen previously located on stigma tip located directly above and to the right
19ub_22_2_12july,19UB,22,r,12,1,July,2018,2,0,4,0,0,1,9/17/2018,AR,phlox pollen is the unknown; tip torn by reheating pollen in stigma is nearby
19ub_23_1_12july,19UB,23,l,12,1,July,2018,1,0,3,0,0,0,9/17/2018,AR,stigma curled onto self; possibly dislodged ~15 aster pollen grains nearby
19ub_23_2_12july,19UB,23,l,12,1,July,2018,2,0,4,4,0,3,9/17/2018,AR,
19ub_23_3_12july,19UB,23,l,12,1,July,2018,3,NA,NA,NA,NA,NA,9/17/2018,AR,tip torn off; lobes missing
19ub_23_1_12july,19UB,23,r,12,1,July,2018,1,3,0,5,0,0,9/17/2018,AR,tip torn from repressing; pollen adhered to stigma is nearby
19ub_23_2_12july,19UB,23,r,12,1,July,2018,2,2,12,15,0,0,9/17/2018,AR,
19ub_23_3_12july,19UB,23,r,12,1,July,2018,3,0,1,1,0,2,9/17/2018,AR,tip torn off; lobes missing;
25b_24_1_17july,25B,24,l,17,2,July,2018,1,0,2,0,0,0,9/17/2018,AR,
25b_24_2_17july,25B,24,l,17,2,July,2018,2,3,3,0,0,0,9/17/2018,AR,
25b_24_3_17july,25B,24,l,17,2,July,2018,3,0,4,0,0,0,9/17/2018,AR,
25b_24_4_17july,25B,24,l,17,2,July,2018,4,0,0,0,0,0,9/17/2018,AR,
25b_24_1_17july,25B,24,r,17,2,July,2018,1,2,16,0,0,2,9/17/2018,AR,
25b_24_2_17july,25B,24,r,17,2,July,2018,2,5,20,1,0,2,9/17/2018,AR,
16ub_25_1_17july,16UB,25,l,17,2,July,2018,1,28,0,1,0,0,9/17/2018,AR,aster==cirsium or carduus
16ub_25_2_17july,16UB,25,l,17,2,July,2018,2,35,0,3,0,0,9/17/2018,AR,
16ub_25_1_17july,16UB,25,r,17,2,July,2018,1,0,0,0,0,0,9/17/2018,AR,
16ub_25_2_17july,16UB,25,r,17,2,July,2018,2,1,0,0,0,0,9/17/2018,AR,
16ub_26_1_17july,16UB,26,l,17,2,July,2018,1,0,0,0,0,0,9/17/2018,AR,
16ub_26_2_17july,16UB,26,l,17,2,July,2018,2,1,0,0,0,0,9/17/2018,AR,
16ub_26_3_17july,16UB,26,l,17,2,July,2018,3,0,1,0,0,0,9/17/2018,AR,
20ub_26_1_17july,20UB,26,r,17,2,July,2018,1,0,0,0,0,0,9/17/2018,AR,
20ub_26_2_17july,20UB,26,r,17,2,July,2018,2,1,0,0,0,0,9/17/2018,AR,
20ub_27_1_17july,20UB,27,l,17,2,July,2018,1,12,10,0,0,0,9/17/2018,AR,
19ub_27_1_17july,19UB,27,r,17,2,July,2018,1,0,0,0,0,2,9/17/2018,AR,
19ub_27_2_17july,19UB,27,r,17,2,July,2018,2,NA,NA,NA,NA,NA,9/17/2018,AR,tip removed; large pollen load further down on style
19ub_28_1_17july,19UB,28,l,17,2,July,2018,1,3,0,1,0,4,9/17/2018,AR,
19ub_28_2_17july,19UB,28,l,17,2,July,2018,2,2,0,9,0,8,9/17/2018,AR,
19ub_28_1_17july,19UB,28,r,17,2,July,2018,1,3,0,1,0,6,9/17/2018,AR,
19ub_28_2_17july,19UB,28,r,17,2,July,2018,2,0,2,0,0,4,9/17/2018,AR,
19ub_28_3_17july,19UB,28,r,17,2,July,2018,3,NA,NA,NA,NA,NA,9/17/2018,AR,tip gone
10b_29_1_17july,10B,29,l,17,2,July,2018,1,11,3,1,0,0,9/17/2018,AR,
10b_29_2_17july,10B,29,l,17,2,July,2018,2,16,4,0,0,0,9/17/2018,AR,
10b_29_3_17july,10B,29,l,17,2,July,2018,3,14,2,0,0,0,9/17/2018,AR,
10b_29_4_17july,10B,29,l,17,2,July,2018,4,3,2,0,0,3,9/17/2018,AR,
10b_29_5_17july,10B,29,l,17,2,July,2018,5,14,4,0,0,0,9/17/2018,AR,
9ub_29_1_17july,9UB,29,r,17,2,July,2018,1,27,5,1,0,6,9/19/2018,AR,resquished for visibility; all pollen nearby originally on stigma
9ub_29_2_17july,9UB,29,r,17,2,July,2018,2,25,0,0,0,15,9/19/2018,AR,resquished for visibility; all pollen nearby originally on stigma
28ub_30_1_17july,28UB,30,l,17,2,July,2018,1,26,4,1,2,0,9/19/2018,AR,
28ub_30_2_17july,28UB,30,l,17,2,July,2018,2,0,0,0,0,0,9/19/2018,AR,
28ub_30_3_17july,28UB,30,l,17,2,July,2018,3,3,0,0,0,0,9/19/2018,AR,
28ub_30_4_17july,28UB,30,l,17,2,July,2018,4,0,0,0,0,0,9/19/2018,AR,
28ub_30_5_17july,28UB,30,l,17,2,July,2018,5,0,0,0,0,0,9/19/2018,AR,
28ub_30_6_17july,28UB,30,l,17,2,July,2018,6,1,0,0,0,0,9/19/2018,AR,
22ub_30_1_17july,22UB,30,r,17,2,July,2018,1,NA,NA,NA,NA,NA,9/19/2018,AR,
22ub_30_2_17july,22UB,30,r,17,2,July,2018,2,NA,NA,NA,NA,NA,9/19/2018,AR,
22ub_30_3_17july,22UB,30,r,17,2,July,2018,3,0,0,0,0,0,9/19/2018,AR,
22ub_30_4_17july,22UB,30,r,17,2,July,2018,4,5,15,0,0,0,9/19/2018,AR,
11ub_31_1_17july,11UB,31,l,17,2,July,2018,1,0,0,0,0,0,9/19/2018,AR,tip yellowish but no pollen
21ub_31_1_17july,21UB,31,r,17,2,July,2018,1,0,0,0,0,0,9/19/2018,AR,
21ub_31_2_17july,21UB,31,r,17,2,July,2018,2,0,0,0,0,0,9/19/2018,AR,
21ub_31_3_17july,21UB,31,r,17,2,July,2018,3,0,0,0,0,0,9/19/2018,AR,
4ub_32_1_17july,4UB,32,l,17,2,July,2018,1,11,3,0,0,2,9/19/2018,AR,
4ub_32_2_17july,4UB,32,l,17,2,July,2018,2,10,2,1,0,3,9/19/2018,AR,
7ub_32_1_17july,7UB,32,r,17,2,July,2018,1,2,0,0,0,0,9/19/2018,AR,
7ub_32_2_17july,7UB,32,r,17,2,July,2018,2,10,0,0,2,0,9/19/2018,AR,
7ub_32_3_17july,7UB,32,r,17,2,July,2018,3,15,0,0,0,1,9/19/2018,AR,repressed; nearby pollen grains originally adhered to stigma; whole ovule accidentally pulled
24b_33_1_17july,24B,33,l,17,2,July,2018,1,0,18,0,0,0,9/19/2018,AR,good amorpha slide
24b_33_2_17july,24B,33,l,17,2,July,2018,2,1,13,0,0,0,9/19/2018,AR,
24b_33_3_17july,24B,33,l,17,2,July,2018,3,2,21,0,0,3,9/19/2018,AR,
24b_33_4_17july,24B,33,l,17,2,July,2018,4,4,14,0,0,4,9/19/2018,AR,repressed; nearby pollen grains originally on stigma
24b_33_5_17july,24B,33,l,17,2,July,2018,5,0,39,0,0,0,9/19/2018,AR,good amorpha slide
25ub_33_1_17july,25UB,33,r,17,2,July,2018,1,0,0,0,0,0,9/19/2018,AR,
25ub_33_2_17july,25UB,33,r,17,2,July,2018,2,0,0,0,0,0,9/19/2018,AR,
19b_34_1_17july,19B,34,l,17,2,July,2018,1,1,0,0,0,0,9/20/2018,AR,
19b_34_2_17july,19B,34,l,17,2,July,2018,2,11,3,0,0,0,9/20/2018,AR,
24ub_34_1_17july,24UB,34,r,17,2,July,2018,1,19,2,1,0,1,9/20/2018,AR,
24ub_34_2_17july,24UB,34,r,17,2,July,2018,2,11,2,0,0,0,9/20/2018,AR,
24ub_34_3_17july,24UB,34,r,17,2,July,2018,3,3,0,0,0,0,9/20/2018,AR,not yellow tipped
24ub_34_4_17july,24UB,34,r,17,2,July,2018,4,0,0,0,0,0,9/20/2018,AR,
7b_35_1_17july,7B,35,l,17,2,July,2018,1,6,3,0,2,0,9/20/2018,AR,repressed; nearby pollen grains orginally on stigma
7b_35_2_17july,7B,35,l,17,2,July,2018,2,14,4,0,2,0,9/20/2018,AR,repressed; nearby pollen grains orginally on stigma
20b_35_1_17july,20B,35,r,17,2,July,2018,1,15,13,0,0,0,9/20/2018,AR,repressed; nearby pollen grains orginally on stigma
20b_35_2_17july,20B,35,r,17,2,July,2018,2,14,7,0,0,0,9/20/2018,AR,
20b_35_3_17july,20B,35,r,17,2,July,2018,3,16,8,0,1,1,9/20/2018,AR,
20b_35_4_17july,20B,35,r,17,2,July,2018,4,9,5,0,0,0,9/20/2018,AR,
20b_35_5_17july,20B,35,r,17,2,July,2018,5,13,8,0,0,0,9/20/2018,AR,
20b_35_6_17july,20B,35,r,17,2,July,2018,6,9,4,0,0,0,9/20/2018,AR,
20b_35_7_17july,20B,35,r,17,2,July,2018,7,12,20,0,0,0,9/20/2018,AR,
5ub_36_1_17july,5UB,36,l,17,2,July,2018,1,10,3,0,0,3,9/20/2018,AR,repressed; nearby pollen grains orginally on stigma
5ub_36_2_17july,5UB,36,l,17,2,July,2018,2,5,6,0,0,5,9/20/2018,AR,repressed; nearby pollen grains orginally on stigma
5ub_36_3_17july,5UB,36,l,17,2,July,2018,3,14,2,0,0,3,9/20/2018,AR,repressed; nearby pollen grains orginally on stigma; large round heterospecifics 
16b_36_1_17july,16B,36,r,17,2,July,2018,1,7,8,0,0,1,9/20/2018,AR,
16b_36_2_17july,16B,36,r,17,2,July,2018,2,NA,NA,NA,NA,NA,9/20/2018,AR,
16b_36_3_17july,16B,36,r,17,2,July,2018,3,0,0,0,0,0,9/20/2018,AR,
16b_36_4_17july,16B,36,r,17,2,July,2018,4,NA,NA,NA,NA,NA,9/20/2018,AR,
16b_36_5_17july,16B,36,r,17,2,July,2018,5,0,0,0,0,0,9/20/2018,AR,yellow tip; pollen may have been removed
29ub_37_1_17july,29UB,37,l,17,2,July,2018,1,10,1,2,0,0,9/20/2018,AR,
29ub_37_2_17july,29UB,37,l,17,2,July,2018,2,7,4,0,1,0,9/20/2018,AR,
29ub_37_3_17july,29UB,37,l,17,2,July,2018,3,2,2,5,0,0,9/20/2018,AR,
29ub_37_4_17july,29UB,37,l,17,2,July,2018,4,0,0,0,0,0,9/20/2018,AR,
2ub_37_1_17july,2UB,37,r,17,2,July,2018,1,5,0,0,0,1,9/20/2018,AR,pressed and now outside coverslip;likely unrecoverable
2ub_37_2_17july,2UB,37,r,17,2,July,2018,2,0,0,0,0,0,9/20/2018,AR,
2ub_37_3_17july,2UB,37,r,17,2,July,2018,3,15,0,0,2,0,9/20/2018,AR,torn from repressing; nearby pollen originally on stigma
2ub_37_4_17july,2UB,37,r,17,2,July,2018,4,16,0,0,0,0,9/20/2018,AR,pollen disturbed from repressing; nearby pollen originally on stigma
2ub_37_5_17july,2UB,37,r,17,2,July,2018,5,23,0,0,5,0,9/20/2018,AR,tip mostly torn
2ub_37_6_17july,2UB,37,r,17,2,July,2018,6,NA,NA,NA,NA,NA,9/20/2018,AR,
2ub_37_7_17july,2UB,37,r,17,2,July,2018,7,21,0,0,0,4,9/20/2018,AR,
2ub_37_8_17july,2UB,37,r,17,2,July,2018,8,15,2,0,0,1,9/20/2018,AR,
2ub_37_9_17july,2UB,37,r,17,2,July,2018,9,1,1,0,0,0,9/20/2018,AR,
2ub_37_10_17july,2UB,37,r,17,2,July,2018,10,9,0,0,0,0,9/20/2018,AR,
4ub_38_1_17july,4UB,38,l,17,2,July,2018,1,1,2,0,0,0,9/20/2018,AR,
4ub_38_2_17july,4UB,38,l,17,2,July,2018,2,7,0,0,2,0,9/20/2018,AR,
4ub_38_3_17july,4UB,38,l,17,2,July,2018,3,0,0,0,0,0,9/20/2018,AR,resquashed and pollen came loose; all pollen ~1 field of view @ 20x was originally on stigma
4ub_38_4_17july,4UB,38,l,17,2,July,2018,4,0,0,0,0,0,9/20/2018,AR,
4ub_38_5_17july,4UB,38,l,17,2,July,2018,5,2,0,0,0,0,9/20/2018,AR,
4ub_38_6_17july,4UB,38,l,17,2,July,2018,6,0,0,0,0,0,9/20/2018,AR,
5b_181_1_17july,5B,181,l,17,2,July,2018,1,6,7,0,0,0,9/21/2018,AR,reslided; repressed: pollen near stigma originally on tip; moved from slide 35 to slide 181; too much fuchsin to press adequately.
5b_181_2_17july,5B,181,l,17,2,July,2018,2,7,3,0,0,0,9/21/2018,AR,reslided; repressed: pollen near stigma originally on tip; moved from slide 35 to slide 181; too much fuchsin to press adequately.
5b_181_3_17july,5B,181,l,17,2,July,2018,3,8,14,0,0,0,9/21/2018,AR,reslided; repressed: pollen near stigma originally on tip; moved from slide 35 to slide 181; too much fuchsin to press adequately.
5b_181_4_17july,5B,181,l,17,2,July,2018,4,13,4,0,1,0,9/21/2018,AR,reslided; repressed: pollen near stigma originally on tip; moved from slide 35 to slide 181; too much fuchsin to press adequately.
5b_181_5_17july,5B,181,l,17,2,July,2018,5,10,8,0,0,1,9/21/2018,AR,reslided; repressed: pollen near stigma originally on tip; moved from slide 35 to slide 181; too much fuchsin to press adequately.
5b_181_6_17july,5B,181,l,17,2,July,2018,6,9,10,0,0,0,9/21/2018,AR,reslided; repressed: pollen near stigma originally on tip; moved from slide 35 to slide 181; too much fuchsin to press adequately.
5b_181_7_17july,5B,181,l,17,2,July,2018,7,14,14,0,0,0,9/21/2018,AR,reslided; repressed: pollen near stigma originally on tip; moved from slide 35 to slide 181; too much fuchsin to press adequately.
5b_181_8_17july,5B,181,l,17,2,July,2018,8,7,7,0,0,1,9/21/2018,AR,reslided; repressed: pollen near stigma originally on tip; moved from slide 35 to slide 181; too much fuchsin to press adequately.
11b_39_1_17july,11B,39,l,17,2,July,2018,1,16,20,0,0,1,9/21/2018,AR,repressed; pollen near stigma tip originally on tip
11b_39_2_17july,11B,39,l,17,2,July,2018,2,21,20,0,0,0,9/21/2018,AR,repressed; pollen near stigma tip originally on tip
11b_39_3_17july,11B,39,l,17,2,July,2018,3,7,31,0,0,0,9/21/2018,AR,repressed; pollen near stigma tip originally on tip
11b_39_4_17july,11B,39,l,17,2,July,2018,4,NA,NA,NA,NA,NA,9/21/2018,AR,repressed; tip torn before repressing with no lobed tissue present
11b_39_5_17july,11B,39,l,17,2,July,2018,5,18,8,0,0,1,9/21/2018,AR,repressed
12b_39_1_17july,12B,39,r,17,2,July,2018,1,1,0,0,0,0,9/21/2018,AR,repressed
12b_39_2_17july,12B,39,r,17,2,July,2018,2,0,2,0,0,0,9/21/2018,AR,repressed
12b_39_3_17july,12B,39,r,17,2,July,2018,3,NA,NA,NA,NA,NA,9/21/2018,AR,repressed
12b_39_4_17july,12B,39,r,17,2,July,2018,4,4,19,2,1,5,9/21/2018,AR,repressed
12b_39_5_17july,12B,39,r,17,2,July,2018,5,3,15,0,0,0,9/25/2018,AR,
12b_39_6_17july,12B,39,r,17,2,July,2018,6,4,16,0,0,12,9/25/2018,AR,
12b_39_7_17july,12B,39,r,17,2,July,2018,7,1,10,0,1,15,9/25/2018,AR,
12b_39_8_17july,12B,39,r,17,2,July,2018,8,15,24,1,2,0,9/25/2018,AR,
15ub_40_1_17july,15UB,40,l,17,2,July,2018,1,12,2,0,0,1,9/25/2018,AR,
25ub_40_1_17july,25UB,40,r,17,2,July,2018,1,NA,NA,NA,NA,NA,9/25/2018,AR,repressed; tip torn likely on slide 180
25ub_40_2_17july,25UB,40,r,17,2,July,2018,2,NA,NA,NA,NA,NA,9/25/2018,AR,repressed tip torn
25ub_40_3_17july,25UB,40,r,17,2,July,2018,3,0,0,0,0,0,9/25/2018,AR,repressed
25ub_40_4_17july,25UB,40,r,17,2,July,2018,4,0,0,0,0,0,9/25/2018,AR,repressed
25ub_40_5_17july,25UB,40,r,17,2,July,2018,5,NA,NA,NA,NA,NA,9/25/2018,AR,repressed;tip torn
25ub_180_6_17july,25UB,180,r,17,2,July,2018,6,1,0,0,0,0,9/25/2018,AR,reslided;repressed; pollen originally on tip nearby
25ub_180_1_17july,25UB,180,l,17,2,July,2018,1,0,0,0,0,0,9/25/2018,AR,reslided;tip yellow but no pollen; possibly dislodged; moved; too many stigma per slide to press
25ub_180_2_17july,25UB,180,l,17,2,July,2018,2,0,0,0,0,0,9/25/2018,AR,reslided;moved; too many stigma per slide to press
25ub_180_3_17july,25UB,180,l,17,2,July,2018,3,NA,NA,NA,NA,NA,9/25/2018,AR,reslided;likely upper style of 25ub_40_1_17july; still not visible tip.
8b_41_1_17july,8B,41,l,17,2,July,2018,1,0,0,0,0,0,9/25/2018,AR,yellow tip but no pollen; dalpur pollen grain stuck to style
8b_41_2_17july,8B,41,l,17,2,July,2018,2,0,0,0,0,0,9/25/2018,AR,yellow tip but no pollen; dalpur pollen grain nearby
4b_41_1_17july,4B,41,r,17,2,July,2018,1,17,13,0,0,0,9/25/2018,AR,
4b_41_2_17july,4B,41,r,17,2,July,2018,2,4,0,0,0,0,9/25/2018,AR,
4b_41_3_17july,4B,41,r,17,2,July,2018,3,5,0,0,0,1,9/25/2018,AR,heterospecici likely pediomelum pollen grain
4b_41_4_17july,4B,41,r,17,2,July,2018,4,4,2,0,0,0,9/25/2018,AR,
4b_41_5_17july,4B,41,r,17,2,July,2018,5,NA,NA,NA,NA,NA,9/25/2018,AR,
2b_42_1_17july,2B,42,l,17,2,July,2018,1,5,2,0,0,0,9/25/2018,AR,repress; torn but all pollen around tip area originally on tip
2b_42_2_17july,2B,42,l,17,2,July,2018,2,1,2,0,0,3,9/25/2018,AR,
1b_42_1_17july,1B,42,r,17,2,July,2018,1,12,3,0,0,0,9/25/2018,AR,
1b_42_2_17july,1B,42,r,17,2,July,2018,2,5,1,0,0,0,9/25/2018,AR,
1b_42_3_17july,1B,42,r,17,2,July,2018,3,14,7,0,0,0,9/25/2018,AR,
9b_43_1_17july,9B,43,l,17,2,July,2018,1,2,0,0,0,0,9/25/2018,AR,repressed
9b_43_2_17july,9B,43,l,17,2,July,2018,2,13,0,0,0,0,9/25/2018,AR,repressed; stigma moved to new slide; tip damaged in move
9b_43_3_17july,9B,43,l,17,2,July,2018,3,6,4,0,0,0,9/25/2018,AR,repressed; pollen clump within one field of view @ 20x originally on stigma and disloged from repressing
9b_43_4_17july,9B,43,l,17,2,July,2018,4,9,1,0,0,0,9/25/2018,AR,repressed; pollen clump within one field of view @ 20x originally on stigma and disloged from repressing
9b_43_5_17july,9B,43,l,17,2,July,2018,5,0,0,0,0,0,9/25/2018,AR,repressed; yellow tip
9b_43_6_17july,9B,43,l,17,2,July,2018,6,22,0,0,0,0,9/25/2018,AR,repressed; pollen clump within one field of view @ 20x originally on stigma and disloged from repressing
9b_43_7_17july,9B,43,l,17,2,July,2018,7,11,2,0,0,0,9/25/2018,AR,repressed
9b_43_8_17july,9B,43,l,17,2,July,2018,8,0,0,0,0,0,9/25/2018,AR,repressed; yellow tip
9b_43_9_17july,9B,43,l,17,2,July,2018,9,9,1,0,0,0,9/25/2018,AR,repressed; pollen clump within one field of view @ 20x originally on stigma and disloged from repressing
9b_43_10_17july,9B,43,l,17,2,July,2018,10,12,8,0,0,0,9/25/2018,AR,repressed; pollen clump within one field of view @ 20x originally on stigma and disloged from repressing
9b_43_11_17july,9B,43,l,17,2,July,2018,11,11,2,0,0,0,9/25/2018,AR,repressed; pollen clump within one field of view @ 20x originally on stigma and disloged from repressing
9b_43_12_17july,9B,43,l,17,2,July,2018,12,16,5,0,0,0,9/25/2018,AR,repressed; pollen clump within one field of view @ 20x originally on stigma and disloged from repressing
6ub_43_1_17july,6UB,43,r,17,2,July,2018,1,0,0,0,0,0,9/25/2018,AR,
9b_182_1_17july,9B,182,l,17,2,July,2018,1,1,2,0,0,0,9/25/2018,AR,reslided; pollen may have moved
9b_182_2_17july,9B,182,l,17,2,July,2018,2,2,1,0,0,0,9/25/2018,AR,reslided; pollen may have moved
30ub_44_1_17july,30UB,44,l,17,2,July,2018,1,NA,NA,NA,NA,NA,9/28/2018,AR,tip torn
30ub_44_2_17july,30UB,44,l,17,2,July,2018,2,NA,NA,NA,NA,NA,9/28/2018,AR,tip torn
30ub_44_3_17july,30UB,44,l,17,2,July,2018,3,NA,NA,NA,NA,NA,9/28/2018,AR,tip torn
10b_44_1_18july,10B,44,r,18,2,July,2018,1,21,10,0,0,0,9/28/2018,AR,
10b_44_2_18july,10B,44,r,18,2,July,2018,2,NA,NA,NA,NA,NA,9/28/2018,AR,tip torn OR no lobes
7b_45_1_18july,7B,45,l,18,2,July,2018,1,14,0,0,0,0,9/28/2018,AR,
7b_45_2_18july,7B,45,l,18,2,July,2018,2,11,13,0,0,0,9/28/2018,AR,
7b_45_3_18july,7B,45,l,18,2,July,2018,3,8,0,0,0,0,9/28/2018,AR,
7b_45_4_18july,7B,45,l,18,2,July,2018,4,18,4,0,0,1,9/28/2018,AR,
7b_45_5_18july,7B,45,l,18,2,July,2018,5,9,1,0,0,0,9/28/2018,AR,
9ub_45_1_18july,9UB,45,r,18,2,July,2018,1,NA,NA,NA,NA,NA,9/28/2018,AR,tip torn OR no lobes developed yet
9ub_45_2_18july,9UB,45,r,18,2,July,2018,2,NA,NA,NA,NA,NA,9/28/2018,AR,tip torn OR no lobes developed yet
4ub_46_1_18july,4UB,46,l,18,2,July,2018,1,20,1,0,0,0,9/28/2018,AR,
4ub_46_2_18july,4UB,46,l,18,2,July,2018,2,16,3,1,0,0,9/28/2018,AR,
4ub_46_3_18july,4UB,46,l,18,2,July,2018,3,18,5,0,0,0,9/28/2018,AR,
2ub_46_1_18july,2UB,46,r,18,2,July,2018,1,20,3,0,0,0,9/28/2018,AR,
2ub_46_2_18july,2UB,46,r,18,2,July,2018,2,40,0,0,0,2,9/28/2018,AR,heteros maybe 2 very dehydrated dalpur but hard to tell
2ub_46_3_18july,2UB,46,r,18,2,July,2018,3,42,0,0,0,1,9/28/2018,AR,heteros maybe very dehydrated dalpur but hard to tell
2ub_46_4_18july,2UB,46,r,18,2,July,2018,4,34,2,0,0,0,9/28/2018,AR,
2ub_183_5_18july,2UB,183,l,18,2,July,2018,5,27,2,1,0,0,9/28/2018,AR,repressed; originally counted while still on slide 46 but pressed off edge while repressing
2b_47_1_18july,2B,47,l,18,2,July,2018,1,8,5,0,0,0,9/28/2018,AR,repress; pollen on tip within one field of view @ 20x
22b_47_1_18july,22B,47,r,18,2,July,2018,1,NA,NA,NA,NA,NA,9/28/2018,AR,
22b_47_2_18july,22B,47,r,18,2,July,2018,2,32,8,0,0,0,9/28/2018,AR,
26ub_48_1_18july,26UB,48,l,18,2,July,2018,1,0,0,4,0,1,9/28/2018,AR,hetero=mint pollen
12b_48_1_18july,12B,48,r,18,2,July,2018,1,NA,NA,NA,NA,NA,9/28/2018,AR,anther head on slide;tip appears torn; 1 amocan grain but will consider this torn because no lobes
12b_48_2_18july,12B,48,r,18,2,July,2018,2,2,10,0,0,3,9/28/2018,AR,anther head on slide
12b_48_3_18july,12B,48,r,18,2,July,2018,3,2,8,0,0,3,9/28/2018,AR,anther head on slide;hetero potentially pediomelum?
12b_48_4_18july,12B,48,r,18,2,July,2018,4,NA,NA,NA,NA,NA,9/28/2018,AR,anther head on slide; tip torn
12b_49_1_18july,12B,49,l,18,2,July,2018,1,0,0,0,0,0,9/28/2018,AR,
5b_49_1_18july,5B,49,r,18,2,July,2018,1,18,3,0,0,0,9/28/2018,AR,
5b_49_2_18july,5B,49,r,18,2,July,2018,2,6,1,0,0,0,9/28/2018,AR,
5b_49_3_18july,5B,49,r,18,2,July,2018,3,16,2,0,0,0,9/28/2018,AR,
5b_49_4_18july,5B,49,r,18,2,July,2018,4,3,0,0,0,0,9/28/2018,AR,
5b_50_1_18july,5B,50,l,18,2,July,2018,1,30,5,0,0,0,9/28/2018,AR,
11b_50_1_18july,11B,50,r,18,2,July,2018,1,33,13,0,0,0,9/28/2018,AR,repressed; pollen in one field of view at 20x around tip
11b_50_2_18july,11B,50,r,18,2,July,2018,2,22,19,0,0,1,9/28/2018,AR,
11b_50_3_18july,11B,50,r,18,2,July,2018,3,25,6,0,0,3,9/28/2018,AR,
6b_51_1_18july,6B,51,l,18,2,July,2018,1,12,3,0,1,0,9/28/2018,AR,
6b_51_2_18july,6B,51,l,18,2,July,2018,2,24,4,0,0,0,9/28/2018,AR,
6b_51_3_18july,6B,51,l,18,2,July,2018,3,16,1,1,0,0,9/28/2018,AR,
6b_51_1_18july,6B,51,r,18,2,July,2018,1,7,1,2,0,0,9/28/2018,AR,
6b_51_2_18july,6B,51,r,18,2,July,2018,2,NA,NA,NA,NA,NA,9/28/2018,AR,
6b_51_3_18july,6B,51,r,18,2,July,2018,3,21,11,0,0,1,9/28/2018,AR,
18ub_52_1_18july,18UB,52,l,18,2,July,2018,1,8,0,1,0,0,9/28/2018,AR,counted before pressing; pollen highly displaced; one field of view right at 10x
18ub_52_2_18july,18UB,52,l,18,2,July,2018,2,0,0,0,7,0,9/28/2018,AR,pollen highly displaced from pressing! Top right of field of view at 10x
16b_52_1_18july,16B,52,r,18,2,July,2018,1,1,4,0,0,0,9/28/2018,AR,stigma disrupted from repressing
16b_52_2_18july,16B,52,r,18,2,July,2018,2,6,20,0,0,1,9/28/2018,AR,dehydrated dalpur look a bit large
16b_52_3_18july,16B,52,r,18,2,July,2018,3,9,5,0,0,0,9/28/2018,AR,
16b_52_4_18july,16B,52,r,18,2,July,2018,4,8,10,0,0,0,9/28/2018,AR,
21ub_53_1_18july,21UB,53,l,18,2,July,2018,1,NA,NA,NA,NA,NA,9/28/2018,AR,tip removed
15ub_53_1_18july,15UB,53,r,18,2,July,2018,1,0,0,0,0,0,9/28/2018,AR,
15ub_53_2_18july,15UB,53,r,18,2,July,2018,2,11,2,0,0,0,9/28/2018,AR,
15ub_53_3_18july,15UB,53,r,18,2,July,2018,3,11,0,0,0,0,9/28/2018,AR,
12ub_54_1_july2018,12UB,54,l,18,2,July,2018,1,0,0,0,0,0,9/28/2018,AR,yellow tip; pollen maybe dislodged?
12ub_54_2_18july,12UB,54,l,18,2,July,2018,2,4,0,0,0,0,9/28/2018,AR,
19ub_54_1_18july,19UB,54,r,18,2,July,2018,1,4,0,0,0,0,9/28/2018,AR,at edge!
19ub_54_2_18july,19UB,54,r,18,2,July,2018,2,NA,NA,NA,NA,NA,9/28/2018,AR,
19ub_54_3_18july,19UB,54,r,18,2,July,2018,3,2,2,0,0,18,9/28/2018,AR,
19ub_55_1_18july,19UB,55,l,18,2,July,2018,1,0,0,0,0,0,9/28/2018,AR,
19ub_55_2_18july,19UB,55,l,18,2,July,2018,2,3,0,0,2,2,9/28/2018,AR,removed by pressing; one field of view to right of stigma; good view of the highly expanded pale dalpur grain
19ub_55_3_18july,19UB,55,l,18,2,July,2018,3,1,5,1,1,4,9/28/2018,AR,highly expanded dalpur grain
19ub_55_4_18july,19UB,55,l,18,2,July,2018,4,3,2,0,0,5,9/28/2018,AR,
19ub_55_1_18,19UB,55,r,18,2,July,2018,1,5,8,0,0,7,10/2/2018,AR,repressed; pollen in one field of view at 20xwas originally on stigma
19ub_55_2_18july,19UB,55,r,18,2,July,2018,2,NA,NA,NA,NA,NA,10/2/2018,AR,
19ub_55_3_18july,19UB,55,r,18,2,July,2018,3,6,1,0,0,1,10/2/2018,AR,repressed; pollen in one field of view @ 20x originally on stigma; 1 hetero may be very ugly dehyrdated dalea
19ub_55_4_18july,19UB,55,r,18,2,July,2018,4,0,1,0,0,0,10/2/2018,AR,
17b_56_1_18july,17B,56,l,18,2,July,2018,1,10,10,0,0,1,10/2/2018,AR,no right side to this slide; anther pressed not stigma
17b_56_2_18july,17B,56,l,18,2,July,2018,2,11,14,1,0,2,10/2/2018,AR,displaced 2 dalpur grains while pressing
19b_57_1_18july,19B,57,l,18,2,July,2018,1,9,8,0,0,0,10/2/2018,AR,no right side to this slide; anther pressed not stigma
16ub_58_1_18july,16UB,58,l,18,2,July,2018,1,11,0,0,0,0,10/2/2018,AR,
17ub_58_1_18july,17UB,58,r,18,2,July,2018,1,0,1,0,0,0,10/2/2018,AR,
28ub_59_1_18july,28UB,59,l,18,2,July,2018,1,NA,NA,NA,NA,NA,10/2/2018,AR,
28ub_59_2_18july,28UB,59,l,18,2,July,2018,2,1,0,0,0,1,10/2/2018,AR,nearby pollen directly above could have been knocked off
28ub_59_3_18july,28UB,59,l,18,2,July,2018,3,17,22,0,0,1,10/2/2018,AR,
28ub_59_4_18july,28UB,59,l,18,2,July,2018,4,3,7,14,0,2,10/2/2018,AR,
28ub_59_1_18july,28UB,59,r,18,2,July,2018,1,18,3,0,0,0,10/2/2018,AR,
24b_60_1_18july,24B,60,l,18,2,July,2018,1,0,2,0,0,1,10/2/2018,AR,
24b_60_2_18july,24B,60,l,18,2,July,2018,2,0,24,0,0,0,10/2/2018,AR,
30ub_60_1_18july,30UB,60,r,18,2,July,2018,1,8,4,0,1,0,10/2/2018,AR,
4b_61_1_18july,4B,61,l,18,2,July,2018,1,5,6,0,0,0,10/2/2018,AR,
4b_61_2_18july,4B,61,l,18,2,July,2018,2,22,2,0,0,0,10/2/2018,AR,
27ub_61_1_18july,27UB,61,r,18,2,July,2018,1,19,0,0,0,0,10/2/2018,AR,
27ub_61_2_18july,27UB,61,r,18,2,July,2018,2,6,0,0,0,1,10/2/2018,AR,
7ub_62_1_18july,7UB,62,l,18,2,July,2018,1,NA,NA,NA,NA,NA,10/2/2018,AR,stigma tip torn
7ub_62_2_18july,7UB,62,l,18,2,July,2018,2,2,0,0,0,0,10/2/2018,AR,
12b_62_1_18july,12B,62,r,18,2,July,2018,1,3,0,1,0,0,10/2/2018,AR,
30b_63_1_18july,30B,63,l,18,2,July,2018,1,4,34,5,0,0,10/2/2018,AR,
9b_63_1_18july,9B,63,r,18,2,July,2018,1,10,1,0,0,0,10/2/2018,AR,
9b_63_2_18july,9B,63,r,18,2,July,2018,2,9,3,0,0,0,10/2/2018,AR,
9b_63_3_18july,9B,63,r,18,2,July,2018,3,7,2,0,0,0,10/2/2018,AR,top view of dehydrated amorpha
27b_64_1_18july,27B,64,l,18,2,July,2018,1,10,29,0,0,0,10/2/2018,AR,
27b_64_2_18july,27B,64,l,18,2,July,2018,2,17,18,0,0,1,10/2/2018,AR,
20b_64_1_18july,20B,64,r,18,2,July,2018,1,10,20,0,0,0,10/2/2018,AR,
20b_64_2_18july,20B,64,r,18,2,July,2018,2,19,19,0,0,2,10/2/2018,AR,
20b_64_3_18july,20B,64,r,18,2,July,2018,3,27,15,0,0,0,10/2/2018,AR,
20b_64_4_18july,20B,64,r,18,2,July,2018,4,3,6,0,0,0,10/2/2018,AR,repress; pollen nearby originally on stigma
20b_65_1_18july,20B,65,l,18,2,July,2018,1,14,8,0,0,0,10/2/2018,AR,
20b_65_2_18july,20B,65,l,18,2,July,2018,2,5,8,0,0,0,10/2/2018,AR,repress; pollen nearbywas displaced
25ub_65_1_18july,25UB,65,r,18,2,July,2018,1,NA,NA,NA,NA,NA,10/2/2018,AR,no lobes apparnet; tip likely torn
5ub_66_1_18july,5UB,66,l,18,2,July,2018,1,25,0,0,1,3,10/26/2018,GM,
5ub_66_2_18july,5UB,66,l,18,2,July,2018,2,12,3,0,0,0,10/26/2018,GM,
5ub_66_3_18july,5UB,66,l,18,2,July,2018,3,12,3,0,0,0,10/26/2018,GM,
25b_66_1_18july,25B,66,r,18,2,July,2018,1,NA,NA,NA,NA,NA,10/26/2018,GM,stigma tip appear to be broken off
25b_66_2_18july,25B,66,r,18,2,July,2018,2,3,0,0,0,2,10/26/2018,GM,
25b_66_3_18july,25B,66,r,18,2,July,2018,3,8,8,0,0,0,10/26/2018,GM,
1b_67_1_18july,1B,67,l,18,2,July,2018,1,16,8,0,0,0,10/26/2018,GM,
1b_67_2_18july,1B,67,l,18,2,July,2018,2,12,4,0,1,0,10/26/2018,GM,
23b_67_1_18july,23B,67,r,18,2,July,2018,1,2,46,0,0,4,10/26/2018,GM,"repressed, all pollen around stigma tip is from before it was repressed"
8b_68_1_18july,8B,68,l,18,2,July,2018,1,13,5,0,0,0,10/26/2018,GM,
8b_68_2_18july,8B,68,l,18,2,July,2018,2,4,0,0,0,1,10/26/2018,GM,
1ub_68_1_18july,1UB,68,r,18,2,July,2018,1,2,0,0,0,0,10/26/2018,GM,
1ub_68_2_18july,1UB,68,r,18,2,July,2018,2,10,0,0,0,2,10/26/2018,GM,
1ub_68_3_18july,1UB,68,r,18,2,July,2018,3,4,0,1,0,0,10/26/2018,GM,
1ub_69_1_18july,1UB,69,l,18,2,July,2018,1,4,0,0,0,0,10/26/2018,GM,
1ub_69_2_18july,1UB,69,l,18,2,July,2018,2,3,0,0,0,3,10/26/2018,GM,
24ub_69_1_18july,24UB,69,r,18,2,July,2018,1,15,1,0,0,0,10/26/2018,GM,
24ub_69_2_18july,24UB,69,r,18,2,July,2018,2,1,0,0,0,0,10/26/2018,GM,
17ub_70_1_18july,17UB,70,l,18,2,July,2018,1,3,2,0,0,0,10/26/2018,GM,
17ub_70_2_18july,17UB,70,l,18,2,July,2018,2,7,0,0,0,1,10/26/2018,GM,
17ub_70_3_18july,17UB,70,l,18,2,July,2018,3,0,0,0,0,0,10/26/2018,GM,
15ub_70_1_18july,15UB,70,r,18,2,July,2018,1,7,0,0,0,0,10/26/2018,GM,
15ub_70_2_18july,15UB,70,r,18,2,July,2018,2,1,0,0,0,0,10/26/2018,GM,
15ub_70_3_18july,15UB,70,r,18,2,July,2018,3,3,0,0,1,0,10/26/2018,GM,
15ub_71_1_18july,15UB,71,l,18,2,July,2018,1,NA,NA,NA,NA,NA,10/26/2018,GM,tip broken off
15ub_71_2_18july,15UB,71,l,18,2,July,2018,2,1,0,0,2,0,10/26/2018,GM,
15b_71_1_18july,15B,71,r,18,2,July,2018,1,4,0,0,0,0,10/26/2018,GM,
15b_71_2_18july,15B,71,r,18,2,July,2018,2,NA,NA,NA,NA,NA,10/26/2018,GM,no tip
15b_71_3_18july,15B,71,r,18,2,July,2018,3,19,0,0,0,0,10/26/2018,GM,
13b_72_1_18july,13B,72,l,18,2,July,2018,1,16,0,0,3,1,10/26/2018,GM,"repressed, pollen near stigma is from before being pressed"
13b_72_2_18july,13B,72,l,18,2,July,2018,2,9,1,0,0,0,10/26/2018,GM,
13b_72_3_18july,13B,72,l,18,2,July,2018,3,1,1,1,0,0,10/26/2018,GM,
2ub_72_1_18july,2UB,72,r,18,2,July,2018,1,3,0,0,0,0,10/26/2018,GM,
2ub_72_2_18july,2UB,72,r,18,2,July,2018,2,3,0,0,0,0,10/26/2018,GM,
2ub_72_3_18july,2UB,72,r,18,2,July,2018,3,3,1,0,0,0,10/26/2018,GM,
2ub_72_4_18july,2UB,72,r,18,2,July,2018,4,37,2,0,0,0,10/26/2018,GM,
2ub_73_1_18july,2UB,73,l,18,2,July,2018,1,3,0,1,0,0,10/26/2018,GM,
2ub_73_2_18july,2UB,73,l,18,2,July,2018,2,28,0,0,0,0,10/26/2018,GM,
2ub_73_3_18july,2UB,73,l,18,2,July,2018,3,20,0,0,0,0,10/26/2018,GM,
9ub_73_1_18july,9UB,73,r,18,2,July,2018,1,2,0,0,0,0,10/26/2018,GM,
9ub_73_2_18july,9UB,73,r,18,2,July,2018,2,2,0,0,1,0,10/26/2018,GM,
6ub_74_1_18july,6UB,74,l,18,2,July,2018,1,7,0,0,0,0,10/26/2018,GM,
6ub_74_2_18july,6UB,74,l,18,2,July,2018,2,15,0,1,0,0,10/26/2018,GM,
6ub_74_3_18july,6UB,74,l,18,2,July,2018,3,12,0,0,0,1,10/26/2018,GM,
17b_74_1_18july,17B,74,r,18,2,July,2018,1,24,1,0,2,1,10/26/2018,GM,
17b_74_2_18july,17B,74,r,18,2,July,2018,2,14,0,1,0,0,10/26/2018,GM,
4ub_75_1_21july,4UB,75,l,21,3,July,2018,1,5,0,0,0,0,10/26/2018,AK,
4ub_75_2_21july,4UB,75,l,21,3,July,2018,2,0,0,0,0,0,10/26/2018,AK,
4ub_75_3_21july,4UB,75,l,21,3,July,2018,3,6,0,0,1,0,10/26/2018,AK,"large dark form on stigma tip with pollen, unsure what it is"
4ub_75_1_21july,4UB,75,r,21,3,July,2018,1,12,2,1,0,0,10/26/2018,AK,
4ub_75_2_21july,4UB,75,r,21,3,July,2018,2,14,0,0,0,0,10/26/2018,AK,
16b_76_1_21july,16B,76,l,21,3,July,2018,1,NA,NA,NA,NA,NA,10/29/2018,GM,tip missing
16b_76_2_21july,16B,76,l,21,3,July,2018,2,19,1,0,1,0,10/29/2018,GM,
16b_76_3_21july,16B,76,l,21,3,July,2018,3,12,1,0,0,0,10/29/2018,GM,
16b_76_4_21july,16B,76,l,21,3,July,2018,4,17,0,0,0,0,10/29/2018,GM,
8ub_76_1_21july,8UB,76,r,21,3,July,2018,1,3,0,0,0,0,10/29/2018,GM,"1 amocan, 4 dpurp further down on stigma, but not on tip"
5ub_77_1_21july,5UB,77,l,21,3,July,2018,1,21,2,0,1,1,10/29/2018,GM,
1ub_77_1_21july,1UB,77,r,21,3,July,2018,1,11,0,0,0,0,10/29/2018,GM,
1ub_77_2_21july,1UB,77,r,21,3,July,2018,2,0,0,0,0,0,10/29/2018,GM,
1ub_77_3_21july,1UB,77,r,21,3,July,2018,3,11,0,0,0,0,10/29/2018,GM,
1ub_77_4_21july,1UB,77,r,21,3,July,2018,4,5,1,0,0,3,10/29/2018,GM,
1ub_78_1_21july,1UB,78,l,21,3,July,2018,1,4,0,0,1,0,10/29/2018,GM,
1ub_78_2_21july,1UB,78,l,21,3,July,2018,2,0,0,0,0,0,10/29/2018,GM,
1ub_78_3_21july,1UB,78,l,21,3,July,2018,3,2,0,0,0,1,10/29/2018,GM,
12b_78_1_21july,12B,78,r,21,3,July,2018,1,0,0,0,0,0,10/29/2018,GM,
12b_78_2_21july,12B,78,r,21,3,July,2018,2,1,1,0,0,1,10/29/2018,GM,
12b_78_3_21july,12B,78,r,21,3,July,2018,3,12,1,0,0,4,10/29/2018,GM,
12b_78_4_21july,12B,78,r,21,3,July,2018,4,7,2,1,2,1,10/29/2018,GM,
14b_79_1_21july,14B,79,l,21,3,July,2018,1,3,0,0,0,0,10/29/2018,GM,
14b_79_2_21july,14B,79,l,21,3,July,2018,2,0,0,0,0,0,10/29/2018,GM,
14b_79_3_21july,14B,79,l,21,3,July,2018,3,12,1,0,0,0,10/29/2018,GM,
14b_79_4_21july,14B,79,l,21,3,July,2018,4,0,0,0,0,0,10/29/2018,GM,
18ub_79_1_21july,18UB,79,r,21,3,July,2018,1,2,0,1,0,0,10/29/2018,GM,
19b_80_1_21july,19B,80,l,21,3,July,2018,1,19,4,0,0,0,10/29/2018,GM,
19b_80_2_21july,19B,80,l,21,3,July,2018,2,20,3,0,2,3,10/29/2018,GM,
4b_80_1_21july,4B,80,r,21,3,July,2018,1,15,2,1,0,8,10/29/2018,GM,
4b_80_2_21july,4B,80,r,21,3,July,2018,2,43,1,0,0,6,10/29/2018,GM,"repressed, pollen near stigma is from tip"
19ub_81_1_21july,19UB,81,l,21,3,July,2018,1,2,1,0,0,0,10/29/2018,GM,
19ub_81_2_21july,19UB,81,l,21,3,July,2018,2,0,0,1,0,0,10/29/2018,GM,
19ub_81_3_21july,19UB,81,l,21,3,July,2018,3,0,0,0,0,0,10/29/2018,GM,
19ub_81_4_21july,19UB,81,l,21,3,July,2018,4,0,0,0,0,0,10/29/2018,GM,
14ub_81_1_21july,14UB,81,r,21,3,July,2018,1,39,3,2,0,1,10/29/2018,GM,
14ub_81_2_21july,14UB,81,r,21,3,July,2018,2,33,0,2,2,2,10/29/2018,GM,
14ub_81_3_21july,14UB,81,r,21,3,July,2018,3,1,0,0,0,0,10/29/2018,GM,
4ub_82_1_21july,4UB,82,l,21,3,July,2018,1,26,2,0,2,0,10/29/2018,GM,
4ub_82_2_21july,4UB,82,l,21,3,July,2018,2,1,0,0,0,0,10/29/2018,GM,
20b_82_1_21july,20B,82,r,21,3,July,2018,1,11,1,0,4,0,10/29/2018,GM,
20b_82_2_21july,20B,82,r,21,3,July,2018,2,9,0,0,0,3,10/29/2018,GM,
20b_82_3_21july,20B,82,r,21,3,July,2018,3,26,0,0,0,0,10/29/2018,GM,
20b_83_1_21july,20B,83,l,21,3,July,2018,1,10,2,0,0,3,10/29/2018,GM,
20b_83_2_21july,20B,83,l,21,3,July,2018,2,7,2,0,0,3,10/29/2018,GM,
20b_83_3_21july,20B,83,l,21,3,July,2018,3,17,3,0,0,1,10/29/2018,GM,
20b_83_4_21july,20B,83,l,21,3,July,2018,4,17,2,0,0,1,10/29/2018,GM,
21b_83_1_21july,21B,83,r,21,3,July,2018,1,0,0,0,0,0,10/29/2018,GM,
27b_84_1_21july,27B,84,l,21,3,July,2018,1,18,6,3,0,0,10/29/2018,GM,
27b_84_2_21july,27B,84,l,21,3,July,2018,2,2,2,4,2,0,10/29/2018,GM,
27b_84_3_21july,27B,84,l,21,3,July,2018,3,10,4,2,0,0,10/29/2018,GM,
27b_84_4_21july,27B,84,l,21,3,July,2018,4,1,11,0,0,0,10/29/2018,GM,
25b_84_1_21july,25B,84,r,21,3,July,2018,1,0,0,0,0,0,10/29/2018,GM,
25b_84_2_21july,25B,84,r,21,3,July,2018,2,2,1,0,0,0,10/29/2018,GM,
23b_85_1_21july,23B,85,l,21,3,July,2018,1,0,0,0,0,0,10/29/2018,GM,
23b_85_2_21july,23B,85,l,21,3,July,2018,2,0,0,0,0,0,10/29/2018,GM,
23b_85_3_21july,23B,85,l,21,3,July,2018,3,8,2,0,0,0,10/29/2018,GM,
2b_85_1_21july,2B,85,r,21,3,July,2018,1,9,1,0,0,0,10/29/2018,GM,
2b_85_2_21july,2B,85,r,21,3,July,2018,2,6,0,0,0,0,10/29/2018,GM,
2b_85_3_21july,2B,85,r,21,3,July,2018,3,8,0,0,0,0,10/29/2018,GM,
7b_86_1_21july,7B,86,l,21,3,July,2018,1,2,0,0,0,0,10/29/2018,GM,
7b_86_2_21july,7B,86,l,21,3,July,2018,2,0,0,0,0,0,10/29/2018,GM,
10b_86_1_21july,10B,86,r,21,3,July,2018,1,16,0,0,0,0,10/29/2018,GM,
10b_86_2_21july,10B,86,r,21,3,July,2018,2,13,2,0,0,0,10/29/2018,GM,
10b_86_3_21july,10B,86,r,21,3,July,2018,3,23,0,0,0,0,10/29/2018,GM,
10b_86_4_21july,10B,86,r,21,3,July,2018,4,24,0,0,0,0,10/29/2018,GM,
10b_87_1_21july,10B,87,l,21,3,July,2018,1,25,0,1,0,3,10/29/2018,GM,
10b_87_2_21july,10B,87,l,21,3,July,2018,2,14,0,0,0,0,10/29/2018,GM,
10b_87_3_21july,10B,87,l,21,3,July,2018,3,21,0,3,0,0,10/29/2018,GM,
10b_87_4_21july,10B,87,l,21,3,July,2018,4,14,0,0,0,0,10/29/2018,GM,
10b_87_1_21july,10B,87,r,21,3,July,2018,1,25,0,0,0,4,10/29/2018,GM,
10b_87_2_21july,10B,87,r,21,3,July,2018,2,15,3,0,0,0,10/29/2018,GM,
10b_87_3_21july,10B,87,r,21,3,July,2018,3,22,0,0,0,0,10/29/2018,GM,
10b_87_4_21july,10B,87,r,21,3,July,2018,4,3,0,0,0,0,10/29/2018,GM,
6b_88_1_21july,6B,88,l,21,3,July,2018,1,31,0,0,1,0,10/29/2018,GM,
6b_88_2_21july,6B,88,l,21,3,July,2018,2,22,3,0,0,0,10/29/2018,GM,
6b_88_3_21july,6B,88,l,21,3,July,2018,3,16,0,0,0,0,10/29/2018,GM,
6b_88_4_21july,6B,88,l,21,3,July,2018,4,34,0,0,0,0,10/29/2018,GM,
6b_88_1_21july,6B,88,r,21,3,July,2018,1,7,0,0,0,0,10/29/2018,GM,
6b_88_2_21july,6B,88,r,21,3,July,2018,2,0,0,0,0,0,10/29/2018,GM,
6b_88_3_21july,6B,88,r,21,3,July,2018,3,30,1,0,0,0,10/29/2018,GM,
6b_88_4_21july,6B,88,r,21,3,July,2018,4,25,0,0,0,2,10/29/2018,GM,
6b_89_1_21july,6B,89,l,21,3,July,2018,1,18,0,0,0,4,10/29/2018,GM,
6b_89_2_21july,6B,89,l,21,3,July,2018,2,17,0,0,2,1,10/29/2018,GM,
6b_89_3_21july,6B,89,l,21,3,July,2018,3,0,0,0,0,0,10/29/2018,GM,
1b_89_1_21july,1B,89,r,21,3,July,2018,1,19,0,0,0,0,10/29/2018,GM,
1b_89_2_21july,1B,89,r,21,3,July,2018,2,2,0,0,0,0,10/29/2018,GM,
1b_89_3_21july,1B,89,r,21,3,July,2018,3,12,0,0,0,0,10/29/2018,GM,
1b_89_4_21july,1B,89,r,21,3,July,2018,4,17,4,0,0,0,10/29/2018,GM,
1b_90_1_21july,1B,90,l,21,3,July,2018,1,6,3,0,0,0,10/29/2018,GM,
1b_90_2_21july,1B,90,l,21,3,July,2018,2,NA,NA,NA,NA,NA,10/29/2018,GM,
1b_90_3_21july,1B,90,l,21,3,July,2018,3,27,0,0,0,0,10/29/2018,GM,
1b_90_4_21july,1B,90,l,21,3,July,2018,4,17,0,0,0,0,10/29/2018,GM,
1b_90_1_21july,1B,90,r,21,3,July,2018,1,26,0,0,0,3,10/29/2018,GM,
1b_90_2_21july,1B,90,r,21,3,July,2018,2,27,0,0,0,0,10/29/2018,GM,
9b_91_1_21july,9B,91,l,21,3,July,2018,1,0,0,0,0,0,10/29/2018,GM,
9b_91_2_21july,9B,91,l,21,3,July,2018,2,15,0,0,0,2,10/29/2018,GM,
9b_91_3_21july,9B,91,l,21,3,July,2018,3,15,0,0,0,3,10/29/2018,GM,
9b_91_1_21july,9B,91,r,21,3,July,2018,1,1,0,0,0,0,10/29/2018,GM,
9b_91_2_21july,9B,91,r,21,3,July,2018,2,17,0,0,0,3,10/29/2018,GM,
9b_91_3_21july,9B,91,r,21,3,July,2018,3,22,1,0,0,0,10/29/2018,GM,
9b_92_1_21july,9B,92,l,21,3,July,2018,1,8,0,0,0,2,10/29/2018,GM,
9b_92_2_21july,9B,92,l,21,3,July,2018,2,12,4,0,0,1,10/29/2018,GM,
9b_92_3_21july,9B,92,l,21,3,July,2018,3,27,0,0,0,0,10/29/2018,GM,
9b_92_4_21july,9B,92,l,21,3,July,2018,4,9,0,0,0,2,10/29/2018,GM,
3b_92_1_21july,3B,92,r,21,3,July,2018,1,0,0,0,0,0,10/29/2018,GM,
5b_93_1_21july,5B,93,l,21,3,July,2018,1,13,2,0,0,0,10/29/2018,GM,
5b_93_2_21july,5B,93,l,21,3,July,2018,2,16,1,0,0,0,10/29/2018,GM,
5b_93_3_21july,5B,93,l,21,3,July,2018,3,1,0,0,0,0,10/29/2018,GM,
5b_93_4_21july,5B,93,l,21,3,July,2018,4,6,0,0,0,1,10/29/2018,GM,
5b_93_1_21july,5B,93,r,21,3,July,2018,1,NA,NA,NA,NA,NA,10/29/2018,GM,no tip
5b_93_2_21july,5B,93,r,21,3,July,2018,2,6,0,0,0,1,10/29/2018,GM,
5b_93_3_21july,5B,93,r,21,3,July,2018,3,2,0,0,0,0,10/29/2018,GM,
22b_94_1_21july,22B,94,l,21,3,July,2018,1,7,4,2,0,0,10/29/2018,GM,
22b_94_2_21july,22B,94,l,21,3,July,2018,2,1,0,0,0,0,10/29/2018,GM,
22b_94_3_21july,22B,94,l,21,3,July,2018,3,1,0,0,0,0,10/29/2018,GM,
22b_94_1_21july,22B,94,r,21,3,July,2018,1,10,1,1,0,1,10/29/2018,GM,
22b_94_2_21july,22B,94,r,21,3,July,2018,2,18,0,0,0,3,10/29/2018,GM,
26b_95_1_21july,26B,95,l,21,3,July,2018,1,0,0,0,0,0,10/29/2018,GM,
26b_95_2_21july,26B,95,l,21,3,July,2018,2,0,0,0,0,0,10/29/2018,GM,
26b_95_3_21july,26B,95,l,21,3,July,2018,3,0,0,0,0,0,10/29/2018,GM,
8b_95_1_21july,8B,95,r,21,3,July,2018,1,0,0,0,0,0,10/29/2018,GM,
8b_95_2_21july,8B,95,r,21,3,July,2018,2,14,1,0,1,1,10/29/2018,GM,
29b_96_1_21july,29B,96,l,21,3,July,2018,1,2,5,0,0,0,10/29/2018,GM,
4b_96_1_21july,4B,96,r,21,3,July,2018,1,3,0,0,0,0,10/29/2018,GM,
4b_96_2_21july,4B,96,r,21,3,July,2018,2,7,0,0,0,0,10/29/2018,GM,
30b_97_1_21july,30B,97,l,21,3,July,2018,1,6,8,16,0,6,10/29/2018,GM,
30b_97_2_21july,30B,97,l,21,3,July,2018,2,13,6,7,0,0,10/29/2018,GM,
30b_97_3_21july,30B,97,l,21,3,July,2018,3,10,6,10,0,0,10/29/2018,GM,
28ub_97_1_21july,28UB,97,r,21,3,July,2018,1,1,0,0,0,0,10/29/2018,GM,
28ub_97_2_21july,28UB,97,r,21,3,July,2018,2,24,1,0,0,1,10/29/2018,GM,
28ub_97_3_21july,28UB,97,r,21,3,July,2018,3,NA,NA,NA,NA,NA,10/29/2018,GM,no tip
28ub_97_4_21july,28UB,97,r,21,3,July,2018,4,14,20,2,0,3,10/29/2018,GM,
28ub_98_1_21july,28UB,98,l,21,3,July,2018,1,10,0,0,0,0,10/29/2018,AK,
28ub_98_2_21july,28UB,98,l,21,3,July,2018,2,2,0,0,0,0,10/29/2018,AK,
28ub_98_3_21july,28UB,98,l,21,3,July,2018,3,21,1,0,0,1,10/29/2018,AK,ALAN CHECK: tip of stigma is outside of cover slip? hard to distinguish all pollen grains but can't repress
29ub_98_1_21july,29UB,98,r,21,3,July,2018,1,3,0,0,0,1,10/29/2018,AK,
29ub_98_2_21july,29UB,98,r,21,3,July,2018,2,9,1,0,0,2,10/29/2018,AK,
29ub_98_3_21july,29UB,98,r,21,3,July,2018,3,12,1,1,0,0,10/29/2018,AK,"labeled as '4s' but only 3 stigma, 1 anther was pressed"
30ub_99_1_21july,30UB,99,l,21,3,July,2018,1,15,0,2,0,4,10/29/2018,AK,
30ub_99_2_21july,30UB,99,l,21,3,July,2018,2,10,2,0,0,0,10/29/2018,AK,
30ub_99_3_21july,30UB,99,l,21,3,July,2018,3,1,0,0,0,0,10/29/2018,AK,
27ub_99_1_21july,27UB,99,r,21,3,July,2018,1,4,4,0,0,0,10/29/2018,AK,
27ub_99_2_21july,27UB,99,r,21,3,July,2018,2,NA,NA,NA,NA,NA,10/29/2018,AK,"tip missing, 1 dpurp pollen nearby"
27ub_99_3_21july,27UB,99,r,21,3,July,2018,3,3,0,1,0,0,10/29/2018,AK,
27ub_100_1_21july,27UB,100,l,21,3,July,2018,1,0,0,0,0,0,10/29/2018,AK,
27ub_100_2_21july,27UB,100,l,21,3,July,2018,2,2,7,0,1,0,10/29/2018,AK,
27ub_100_3_21july,27UB,100,l,21,3,July,2018,3,23,0,1,0,0,10/29/2018,AK,
26ub_100_1_21july,26UB,100,r,21,3,July,2018,1,1,0,0,0,1,10/29/2018,AK,
25ub_101_1_21july,25UB,101,l,21,3,July,2018,1,1,7,0,0,0,10/29/2018,AK,
25ub_101_2_21july,25UB,101,l,21,3,July,2018,2,0,0,0,0,0,10/29/2018,AK,
25ub_101_3_21july,25UB,101,l,21,3,July,2018,3,0,0,0,0,1,10/29/2018,AK,
25ub_101_1_21july,25UB,101,r,21,3,July,2018,1,0,0,0,0,0,10/29/2018,AK,
25ub_101_2_21july,25UB,101,r,21,3,July,2018,2,4,2,0,0,2,10/29/2018,AK,
25ub_101_3_21july,25UB,101,r,21,3,July,2018,3,0,0,1,0,0,10/29/2018,AK,
24ub_102_1_21july,24UB,102,l,21,3,July,2018,1,13,0,0,0,0,10/29/2018,AK,
24ub_102_2_21july,24UB,102,l,21,3,July,2018,2,1,0,0,0,0,10/29/2018,AK,
24ub_102_3_21july,24UB,102,l,21,3,July,2018,3,3,0,0,0,0,10/29/2018,AK,
22ub_102_1_21july,22UB,102,r,21,3,July,2018,1,13,1,2,0,0,10/29/2018,AK,
22ub_102_2_21july,22UB,102,r,21,3,July,2018,2,21,0,0,0,0,10/29/2018,AK,
5b_103_1_24july,5B,103,l,24,4,July,2018,1,10,1,0,0,0,10/29/2018,AK,
5b_103_2_24july,5B,103,l,24,4,July,2018,2,6,0,0,1,0,10/29/2018,AK,
5b_103_3_24july,5B,103,l,24,4,July,2018,3,0,0,0,0,0,10/29/2018,AK,
5b_103_4_24july,5B,103,l,24,4,July,2018,4,7,0,0,0,0,10/29/2018,AK,
1b_103_1_24july,1B,103,r,24,4,July,2018,1,3,0,0,0,0,10/29/2018,AK,
1b_103_2_24july,1B,103,r,24,4,July,2018,2,7,0,0,0,0,10/29/2018,AK,
1b_103_3_24july,1B,103,r,24,4,July,2018,3,18,0,2,0,0,10/29/2018,AK,
3b_104_1_24july,3B,104,l,24,4,July,2018,1,11,1,0,0,1,10/29/2018,AK,
2b_104_1_24july,2B,104,r,24,4,July,2018,1,2,0,0,0,1,10/29/2018,AK,
2b_104_2_24july,2B,104,r,24,4,July,2018,2,1,0,0,0,0,10/29/2018,AK,
2b_104_3_24july,2B,104,r,24,4,July,2018,3,3,0,0,0,0,10/29/2018,AK,
6b_105_1_24july,6B,105,l,24,4,July,2018,1,13,0,0,0,0,10/29/2018,AK,
6b_105_2_24july,6B,105,l,24,4,July,2018,2,25,0,0,0,0,10/29/2018,AK,
6b_105_3_24july,6B,105,l,24,4,July,2018,3,31,0,0,0,0,10/29/2018,AK,
6b_105_1_24july,6B,105,r,24,4,July,2018,1,16,0,0,1,1,10/29/2018,AK,
6b_105_2_24july,6B,105,r,24,4,July,2018,2,2,0,0,0,0,10/29/2018,AK,
6b_105_3_24july,6B,105,r,24,4,July,2018,3,24,0,0,0,0,10/29/2018,AK,
31ub_106_1_24july,31UB,106,l,24,4,July,2018,1,15,0,0,0,0,10/29/2018,AK,
8ub_106_1_24july,8UB,106,r,24,4,July,2018,1,0,0,0,0,0,10/29/2018,AK,
3ub_107_1_24july,3UB,107,l,24,4,July,2018,1,0,0,0,0,0,10/29/2018,AK,
3ub_107_2_24july,3UB,107,l,24,4,July,2018,2,9,0,0,0,1,10/29/2018,AK,
3ub_107_3_24july,3UB,107,l,24,4,July,2018,3,10,1,0,0,0,10/29/2018,AK,
3ub_107_4_24july,3UB,107,l,24,4,July,2018,4,7,0,0,1,0,10/29/2018,AK,
4ub_107_1_24july,4UB,107,r,24,4,July,2018,1,6,0,0,0,1,10/29/2018,AK,
4ub_107_2_24july,4UB,107,r,24,4,July,2018,2,NA,NA,NA,NA,NA,10/29/2018,AK,stigma tip removed
1ub_108_1_24july,1UB,108,l,24,4,July,2018,1,8,0,0,0,0,10/29/2018,AK,
1ub_108_2_24july,1UB,108,l,24,4,July,2018,2,0,0,0,0,0,10/29/2018,AK,
1ub_108_3_24july,1UB,108,l,24,4,July,2018,3,9,0,0,0,0,10/29/2018,AK,
1ub_108_4_24july,1UB,108,l,24,4,July,2018,4,7,4,0,0,0,10/29/2018,AK,
1ub_108_1_24july,1UB,108,r,24,4,July,2018,1,0,0,0,0,0,10/31/2018,GM,
1ub_108_2_24july,1UB,108,r,24,4,July,2018,2,5,0,0,0,0,10/31/2018,GM,
1ub_108_3_24july,1UB,108,r,24,4,July,2018,3,9,0,1,0,3,10/31/2018,GM,
6ub_109_1_24july,6UB,109,l,24,4,July,2018,1,22,0,0,0,1,10/31/2018,GM,
6ub_109_2_24july,6UB,109,l,24,4,July,2018,2,9,0,0,0,0,10/31/2018,GM,
6ub_109_3_24july,6UB,109,l,24,4,July,2018,3,7,0,0,0,0,10/31/2018,GM,
6ub_109_4_24july,6UB,109,l,24,4,July,2018,4,4,0,0,0,0,10/31/2018,GM,
9ub_109_1_24july,9UB,109,r,24,4,July,2018,1,2,0,0,0,0,10/31/2018,GM,
9ub_109_2_24july,9UB,109,r,24,4,July,2018,2,0,0,0,0,2,10/31/2018,GM,
5ub_110_1_24july,5UB,110,l,24,4,July,2018,1,9,0,2,0,0,10/31/2018,GM,
32ub_110_2_24july,32UB,110,l,24,4,July,2018,2,2,0,0,0,4,10/31/2018,GM,
32ub_110_1_24july,32UB,110,r,24,4,July,2018,1,7,2,0,0,1,10/31/2018,GM,
2ub_111_1_24july,2UB,111,l,24,4,July,2018,1,0,0,0,0,0,10/31/2018,GM,
20b_111_1_24july,20B,111,r,24,4,July,2018,1,1,0,0,1,0,10/31/2018,GM,
20b_111_2_24july,20B,111,r,24,4,July,2018,2,6,0,0,0,2,10/31/2018,GM,
20b_111_3_24july,20B,111,r,24,4,July,2018,3,2,0,0,0,0,10/31/2018,GM,
20b_111_4_24july,20B,111,r,24,4,July,2018,4,NA,NA,NA,NA,NA,10/31/2018,GM,tip seems to be missing
12b_112_1_24july,12B,112,l,24,4,July,2018,1,1,0,0,0,0,10/31/2018,GM,
12b_112_2_24july,12B,112,l,24,4,July,2018,2,1,0,0,0,0,10/31/2018,GM,
13b_112_1_24july,13B,112,r,24,4,July,2018,1,0,0,0,0,0,10/31/2018,GM,
13b_112_2_24july,13B,112,r,24,4,July,2018,2,0,0,0,0,0,10/31/2018,GM,
13b_112_3_24july,13B,112,r,24,4,July,2018,3,0,0,0,0,0,10/31/2018,GM,
13b_112_4_24july,13B,112,r,24,4,July,2018,4,0,0,0,0,0,10/31/2018,GM,
10b_113_1_24july,10B,113,l,24,4,July,2018,1,0,0,0,0,0,10/31/2018,GM,
10b_113_2_24july,10B,113,l,24,4,July,2018,2,7,0,0,0,0,10/31/2018,GM,
10b_113_3_24july,10B,113,l,24,4,July,2018,3,6,0,0,0,2,10/31/2018,GM,
10b_113_4_24july,10B,113,l,24,4,July,2018,4,10,0,0,0,0,10/31/2018,GM,
10b_113_1_24july,10B,113,r,24,4,July,2018,1,13,1,0,0,0,10/31/2018,GM,
10b_113_2_24july,10B,113,r,24,4,July,2018,2,10,0,0,0,1,10/31/2018,GM,
10b_113_3_24july,10B,113,r,24,4,July,2018,3,17,0,0,0,1,10/31/2018,GM,
31b_114_1_24july,31B,114,l,24,4,July,2018,1,2,0,0,0,0,10/31/2018,GM,
4b_114_1_24july,4B,114,r,24,4,July,2018,1,3,0,0,0,0,10/31/2018,GM,
4b_114_2_24july,4B,114,r,24,4,July,2018,2,8,0,0,0,0,10/31/2018,GM,
4b_114_3_24july,4B,114,r,24,4,July,2018,3,12,0,0,0,0,10/31/2018,GM,
4b_114_4_24july,4B,114,r,24,4,July,2018,4,10,0,0,0,3,10/31/2018,GM,
7b_115_1_24july,7B,115,l,24,4,July,2018,1,0,0,0,0,0,10/31/2018,GM,
7b_115_2_24july,7B,115,l,24,4,July,2018,2,8,1,0,0,0,10/31/2018,GM,
9b_115_1_24july,9B,115,r,24,4,July,2018,1,0,0,0,0,0,10/31/2018,GM,
9b_115_2_24july,9B,115,r,24,4,July,2018,2,2,0,0,0,0,10/31/2018,GM,
9b_115_3_24july,9B,115,r,24,4,July,2018,3,0,0,0,0,0,10/31/2018,GM,
9b_116_1_24july,9B,116,l,24,4,July,2018,1,9,0,0,0,0,10/31/2018,GM,
9b_116_2_24july,9B,116,l,24,4,July,2018,2,7,0,0,0,0,10/31/2018,GM,
9b_116_3_24july,9B,116,l,24,4,July,2018,3,10,0,0,0,1,10/31/2018,GM,
38ub_116_1_24july,38UB,116,r,24,4,July,2018,1,20,0,0,2,2,10/31/2018,GM,
38ub_116_2_24july,38UB,116,r,24,4,July,2018,2,18,0,5,0,3,10/31/2018,GM,
38ub_116_3_24july,38UB,116,r,24,4,July,2018,3,9,0,0,0,3,10/31/2018,GM,
38ub_116_4_24july,38UB,116,r,24,4,July,2018,4,18,0,0,0,1,10/31/2018,GM,
34ub_117_1_24july,34UB,117,l,24,4,July,2018,1,0,0,0,0,0,10/31/2018,GM,
34ub_117_2_24july,34UB,117,l,24,4,July,2018,2,0,0,0,0,0,10/31/2018,GM,
34ub_117_3_24july,34UB,117,l,24,4,July,2018,3,0,0,0,0,0,10/31/2018,GM,
34ub_117_4_24july,34UB,117,l,24,4,July,2018,4,1,0,0,0,0,10/31/2018,GM,
19ub_117_1_24july,19UB,117,r,24,4,July,2018,1,0,0,0,0,0,10/31/2018,GM,
19ub_117_2_24july,19UB,117,r,24,4,July,2018,2,1,0,0,0,4,10/31/2018,GM,
19ub_117_3_24july,19UB,117,r,24,4,July,2018,3,3,0,0,0,0,10/31/2018,GM,
19ub_118_1_24july,19UB,118,l,24,4,July,2018,1,0,0,0,0,0,10/31/2018,GM,
19ub_118_2_24july,19UB,118,l,24,4,July,2018,2,0,0,1,0,0,10/31/2018,GM,
15b_118_1_24july,15B,118,r,24,4,July,2018,1,1,0,0,0,0,10/31/2018,GM,
15b_118_2_24july,15B,118,r,24,4,July,2018,2,0,0,0,0,0,10/31/2018,GM,
15b_118_3_24july,15B,118,r,24,4,July,2018,3,4,0,0,0,0,10/31/2018,GM,
14ub_119_1_24july,14UB,119,l,24,4,July,2018,1,2,0,0,0,2,10/31/2018,GM,
14ub_119_2_24july,14UB,119,l,24,4,July,2018,2,29,1,0,0,5,10/31/2018,GM,
11ub_119_1_24july,11UB,119,r,24,4,July,2018,1,19,0,0,0,2,10/31/2018,GM,
11ub_119_2_24july,11UB,119,r,24,4,July,2018,2,1,0,1,0,0,10/31/2018,GM,
17ub_120_1_24july,17UB,120,l,24,4,July,2018,1,0,0,0,0,0,10/31/2018,GM,
35b_120_1_24july,35B,120,r,24,4,July,2018,1,9,0,0,0,0,10/31/2018,GM,
35b_120_2_24july,35B,120,r,24,4,July,2018,2,0,0,0,0,0,10/31/2018,GM,
35b_120_3_24july,35B,120,r,24,4,July,2018,3,11,0,0,0,4,10/31/2018,GM,
14b_121_1_24july,14B,121,l,24,4,July,2018,1,NA,NA,NA,NA,NA,10/31/2018,GM,tip missing
14b_121_2_24july,14B,121,l,24,4,July,2018,2,0,0,0,0,0,10/31/2018,GM,
11b_121_1_24july,11B,121,r,24,4,July,2018,1,2,0,0,0,0,10/31/2018,GM,
11b_121_2_24july,11B,121,r,24,4,July,2018,2,11,1,3,0,2,10/31/2018,GM,
16b_122_1_24july,16B,122,l,24,4,July,2018,1,6,0,0,0,2,10/31/2018,GM,
16b_122_2_24july,16B,122,l,24,4,July,2018,2,17,0,0,0,0,10/31/2018,GM,
16b_122_3_24july,16B,122,l,24,4,July,2018,3,10,0,0,0,0,10/31/2018,GM,
16b_122_1_24july,16B,122,r,24,4,July,2018,1,NA,NA,NA,NA,NA,10/31/2018,GM,tip missing
16b_122_2_24july,16B,122,r,24,4,July,2018,2,12,0,0,0,0,10/31/2018,GM,
17b_123_1_24july,17B,123,l,24,4,July,2018,1,0,0,0,0,0,10/31/2018,GM,
38b_123_1_24july,38B,123,r,24,4,July,2018,1,5,0,0,0,2,10/31/2018,GM,
38b_123_2_24july,38B,123,r,24,4,July,2018,2,15,1,0,0,0,10/31/2018,GM,
38b_123_3_24july,38B,123,r,24,4,July,2018,3,1,0,0,0,0,10/31/2018,GM,
35b_124_1_24july,35B,124,l,24,4,July,2018,1,1,0,0,0,0,10/31/2018,GM,
35b_124_2_24july,35B,124,l,24,4,July,2018,2,4,0,0,0,1,10/31/2018,GM,
35b_124_3_24july,35B,124,l,24,4,July,2018,3,2,0,0,0,0,10/31/2018,GM,
35b_124_1_24july,35B,124,r,24,4,July,2018,1,4,0,0,0,0,10/31/2018,GM,
35b_124_2_24july,35B,124,r,24,4,July,2018,2,0,0,0,0,0,10/31/2018,GM,
26b_125_1_24july,26B,125,l,24,4,July,2018,1,6,0,0,0,0,10/31/2018,GM,
26b_125_2_24july,26B,125,l,24,4,July,2018,2,0,0,4,0,0,10/31/2018,GM,
26b_125_3_24july,26B,125,l,24,4,July,2018,3,19,0,0,0,1,10/31/2018,GM,
27b_125_1_24july,27B,125,r,24,4,July,2018,1,26,0,2,0,1,10/31/2018,GM,
27b_125_2_24july,27B,125,r,24,4,July,2018,2,7,0,2,0,0,10/31/2018,GM,
27b_125_3_24july,27B,125,r,24,4,July,2018,3,0,0,0,0,0,10/31/2018,GM,
29b_126_1_24july,29B,126,l,24,4,July,2018,1,0,0,0,0,0,10/31/2018,GM,
29b_126_2_24july,29B,126,l,24,4,July,2018,2,0,0,0,0,0,10/31/2018,GM,
22b_126_1_24july,22B,126,r,24,4,July,2018,1,2,0,0,0,0,10/31/2018,GM,
30b_127_1_24july,30B,127,l,24,4,July,2018,1,1,0,1,0,1,10/31/2018,GM,
23b_127_1_24july,23B,127,r,24,4,July,2018,1,0,0,0,0,0,10/31/2018,GM,
23b_127_2_24july,23B,127,r,24,4,July,2018,2,0,0,0,0,0,10/31/2018,GM,stigma very thin and looks dehydrated/shrivled
26ub_128_1_24july,26UB,128,l,24,4,July,2018,1,3,0,0,0,0,10/31/2018,GM,
39ub_128_1_24july,39UB,128,r,24,4,July,2018,1,6,0,0,1,0,10/31/2018,GM,
39ub_128_2_24july,39UB,128,r,24,4,July,2018,2,1,0,0,0,0,10/31/2018,GM,
25ub_129_1_24july,25UB,129,l,24,4,July,2018,1,5,0,0,0,0,10/31/2018,GM,
25ub_129_2_24july,25UB,129,l,24,4,July,2018,2,8,0,0,0,1,10/31/2018,GM,
25ub_129_3_24july,25UB,129,l,24,4,July,2018,3,0,1,1,0,0,10/31/2018,GM,
25ub_129_1_24july,25UB,129,r,24,4,July,2018,1,1,0,0,0,0,10/31/2018,GM,
25ub_129_2_24july,25UB,129,r,24,4,July,2018,2,4,0,2,3,0,10/31/2018,GM,
22ub_130_1_24july,22UB,130,l,24,4,July,2018,1,7,0,0,0,0,10/31/2018,GM,
29ub_130_1_24july,29UB,130,r,24,4,July,2018,1,5,0,0,1,1,10/31/2018,GM,
29ub_130_2_24july,29UB,130,r,24,4,July,2018,2,7,2,0,0,0,10/31/2018,GM,
22ub_131_1_24july,22UB,131,l,24,4,July,2018,1,1,0,0,0,0,10/31/2018,GM,
30ub_131_1_24july,30UB,131,r,24,4,July,2018,1,13,0,0,0,0,10/31/2018,GM,
30ub_131_2_24july,30UB,131,r,24,4,July,2018,2,0,0,0,0,0,10/31/2018,GM,
28ub_132_1_24july,28UB,132,l,24,4,July,2018,1,NA,NA,NA,NA,NA,10/31/2018,GM,tip missing
28ub_132_2_24july,28UB,132,l,24,4,July,2018,2,10,0,0,1,1,10/31/2018,GM,
28ub_132_3_24july,28UB,132,l,24,4,July,2018,3,8,0,0,0,1,10/31/2018,GM,
28ub_132_1_24july,28UB,132,r,24,4,July,2018,1,2,0,0,0,0,10/31/2018,GM,
28ub_132_2_24july,28UB,132,r,24,4,July,2018,2,2,0,0,0,1,10/31/2018,GM,
27ub_133_1_24july,27UB,133,l,24,4,July,2018,1,4,0,0,0,0,10/31/2018,GM,
27ub_133_2_24july,27UB,133,l,24,4,July,2018,2,0,0,0,0,0,10/31/2018,GM,
17b_133_1_30july,17B,133,r,30,6,July,2018,1,2,0,0,0,0,10/31/2018,GM,
35b_134_1_30july,35B,134,l,30,6,July,2018,1,NA,NA,NA,NA,NA,10/31/2018,GM,tip missing
19b_134_1_30july,19B,134,r,30,6,July,2018,1,9,0,0,0,1,10/31/2018,GM,
19b_134_2_30july,19B,134,r,30,6,July,2018,2,11,0,0,0,2,10/31/2018,GM,
19b_134_3_30july,19B,134,r,30,6,July,2018,3,13,0,0,0,1,10/31/2018,GM,
34b_135_1_30july,34B,135,l,30,6,July,2018,1,0,0,0,0,0,10/31/2018,GM,
45b_135_1_30july,45B,135,r,30,6,July,2018,1,1,0,0,0,0,10/31/2018,GM,
44b_136_1_30july,44B,136,l,30,6,July,2018,1,4,0,0,0,0,10/31/2018,GM,
36b_136_1_30july,36B,136,r,30,6,July,2018,1,0,0,0,0,0,10/31/2018,GM,
36b_136_2_30july,36B,136,r,30,6,July,2018,2,0,0,0,0,0,10/31/2018,GM,
14b_137_1_30july,14B,137,l,30,6,July,2018,1,NA,NA,NA,NA,NA,10/31/2018,GM,tip missing
16b_137_1_30july,16B,137,r,30,6,July,2018,1,4,0,0,0,0,10/31/2018,GM,
16b_137_2_30july,16B,137,r,30,6,July,2018,2,12,0,0,0,1,10/31/2018,GM,
16b_137_3_30july,16B,137,r,30,6,July,2018,3,3,0,0,0,0,10/31/2018,GM,
16b_137_4_30july,16B,137,r,30,6,July,2018,4,1,0,0,0,1,10/31/2018,GM,
45ub_138_1_30july,45UB,138,l,30,6,July,2018,1,1,0,0,0,0,10/31/2018,GM,
45ub_138_2_30july,45UB,138,l,30,6,July,2018,2,12,0,0,3,1,10/31/2018,GM,
45ub_138_3_30july,45UB,138,l,30,6,July,2018,3,0,0,0,0,0,10/31/2018,GM,
45ub_138_4_30july,45UB,138,l,30,6,July,2018,4,6,0,0,0,1,10/31/2018,GM,
36ub_138_1_30july,36UB,138,r,30,6,July,2018,1,0,0,0,0,0,10/31/2018,GM,
36ub_138_2_30july,36UB,138,r,30,6,July,2018,2,0,0,0,0,0,10/31/2018,GM,
36ub_138_3_30july,36UB,138,r,30,6,July,2018,3,0,0,0,0,0,10/31/2018,GM,
19ub_139_1_30july,19UB,139,l,30,6,July,2018,1,0,0,0,0,0,10/31/2018,GM,
19ub_139_2_30july,19UB,139,l,30,6,July,2018,2,0,0,0,0,0,10/31/2018,GM,
14ub_139_1_30july,14UB,139,r,30,6,July,2018,1,0,0,0,0,0,10/31/2018,GM,
14ub_139_2_30july,14UB,139,r,30,6,July,2018,2,NA,NA,NA,NA,NA,10/31/2018,GM,tip missing
14ub_139_3_30july,14UB,139,r,30,6,July,2018,3,13,0,0,0,0,10/31/2018,GM,
45ub_140_1_30july,45UB,140,l,30,6,July,2018,1,0,0,0,0,0,10/31/2018,GM,
45ub_140_2_30july,45UB,140,l,30,6,July,2018,2,2,0,0,0,0,10/31/2018,GM,
37b_140_1_30july,37B,140,r,30,6,July,2018,1,0,0,0,0,0,10/31/2018,GM,
26b_141_1_30july,26B,141,l,30,6,July,2018,1,7,0,6,0,3,10/31/2018,GM,"repressed, pollen near stigma was on stigma before repressing"
41b_141_1_30july,41B,141,r,30,6,July,2018,1,12,0,1,0,0,10/31/2018,GM,
41b_141_2_30july,41B,141,r,30,6,July,2018,2,26,0,0,0,1,10/31/2018,GM,
41b_141_3_30july,41B,141,r,30,6,July,2018,3,19,0,0,0,0,10/31/2018,GM,
41b_141_4_30july,41B,141,r,30,6,July,2018,4,20,0,1,0,0,10/31/2018,GM,
41b_142_1_30july,41B,142,l,30,6,July,2018,1,16,0,4,0,2,10/31/2018,GM,
41b_142_2_30july,41B,142,l,30,6,July,2018,2,18,0,0,0,0,10/31/2018,GM,
41b_142_3_30july,41B,142,l,30,6,July,2018,3,21,0,0,2,11,10/31/2018,GM,
41b_142_1_30july,41B,142,r,30,6,July,2018,1,19,0,0,0,0,10/31/2018,GM,
41b_142_2_30july,41B,142,r,30,6,July,2018,2,22,0,0,0,1,10/31/2018,GM,
41b_142_3_30july,41B,142,r,30,6,July,2018,3,5,0,0,0,0,10/31/2018,GM,
28b_143_1_30july,28B,143,l,30,6,July,2018,1,0,0,0,0,0,10/31/2018,GM,
28b_143_2_30july,28B,143,l,30,6,July,2018,2,6,1,0,0,0,10/31/2018,GM,
42b_143_1_30july,42B,143,r,30,6,July,2018,1,3,1,0,0,0,10/31/2018,GM,
40b_144_1_30july,40B,144,l,30,6,July,2018,1,2,0,0,0,0,10/31/2018,GM,
40b_144_2_30july,40B,144,l,30,6,July,2018,2,0,0,0,0,0,10/31/2018,GM,
40b_144_3_30july,40B,144,l,30,6,July,2018,3,0,0,0,0,0,10/31/2018,GM,stigma tip partially missing
40b_144_4_30july,40B,144,l,30,6,July,2018,4,5,0,0,0,0,10/31/2018,GM,
29b_144_1_30july,29B,144,r,30,6,July,2018,1,0,0,0,0,0,10/31/2018,GM,
29b_144_2_30july,29B,144,r,30,6,July,2018,2,0,0,0,0,0,10/31/2018,GM,
38b_145_1_30july,38B,145,l,30,6,July,2018,1,18,0,3,0,2,10/31/2018,GM,
39b_145_1_30july,39B,145,r,30,6,July,2018,1,0,0,0,0,0,10/31/2018,GM,
27b_146_1_30july,27B,146,l,30,6,July,2018,1,0,0,0,0,0,10/31/2018,GM,
27b_146_2_30july,27B,146,l,30,6,July,2018,2,11,0,3,0,0,10/31/2018,GM,
27b_146_3_30july,27B,146,l,30,6,July,2018,3,1,0,0,0,0,10/31/2018,GM,
27b_146_1_30july,27B,146,r,30,6,July,2018,1,0,0,0,0,0,10/31/2018,GM,
27b_146_2_30july,27B,146,r,30,6,July,2018,2,4,0,2,0,1,10/31/2018,GM,
23b_147_1_30july,23B,147,l,30,6,July,2018,1,2,0,0,0,0,10/31/2018,GM,
23b_147_2_30july,23B,147,l,30,6,July,2018,2,NA,NA,NA,NA,NA,10/31/2018,GM,tip missing
23b_147_3_30july,23B,147,l,30,6,July,2018,3,0,0,0,1,2,10/31/2018,GM,
23b_147_4_30july,23B,147,l,30,6,July,2018,4,0,0,0,0,0,10/31/2018,GM,
48b_147_1_30july,48B,147,r,30,6,July,2018,1,0,0,0,0,0,10/31/2018,GM,tip partially missing
3b_148_1_30july,3B,148,l,30,6,July,2018,1,14,0,0,1,0,10/31/2018,GM,
3b_148_2_30july,3B,148,l,30,6,July,2018,2,19,0,0,0,1,10/31/2018,GM,
3b_148_3_30july,3B,148,l,30,6,July,2018,3,0,0,0,0,0,10/31/2018,GM,
3b_148_1_30july,3B,148,r,30,6,July,2018,1,19,0,0,0,2,10/31/2018,GM,
3b_148_2_30july,3B,148,r,30,6,July,2018,2,5,0,0,0,0,10/31/2018,GM,
3b_148_3_30july,3B,148,r,30,6,July,2018,3,14,0,0,1,2,10/31/2018,GM,
33b_149_1_30july,33B,149,l,30,6,July,2018,1,2,0,2,0,1,10/31/2018,GM,
33b_149_2_30july,33B,149,l,30,6,July,2018,2,9,0,0,0,0,10/31/2018,GM,
31b_149_1_30july,31B,149,r,30,6,July,2018,1,NA,NA,NA,NA,NA,10/31/2018,GM,tip broken
46b_150_1_30july,46B,150,l,30,6,July,2018,1,0,0,0,0,0,10/31/2018,GM,
46b_150_2_30july,46B,150,l,30,6,July,2018,2,16,0,0,0,0,10/31/2018,GM,
32b_150_1_30july,32B,150,r,30,6,July,2018,1,6,0,0,1,0,10/31/2018,GM,
6b_151_1_30july,6B,151,l,30,6,July,2018,1,3,0,0,0,0,10/31/2018,GM,
6b_151_2_30july,6B,151,l,30,6,July,2018,2,5,0,0,0,0,10/31/2018,GM,
6b_151_3_30july,6B,151,l,30,6,July,2018,3,2,0,0,0,0,10/31/2018,GM,
6b_151_1_30july,6B,151,r,30,6,July,2018,1,3,2,0,0,0,10/31/2018,GM,
6b_151_2_30july,6B,151,r,30,6,July,2018,2,3,1,0,0,0,10/31/2018,GM,
4b_152_1_30july,4B,152,l,30,6,July,2018,1,1,0,0,0,0,10/31/2018,GM,
48ub_152_1_30july,48UB,152,r,30,6,July,2018,1,1,0,0,0,0,10/31/2018,GM,
9ub_153_1_30july,9UB,153,l,30,6,July,2018,1,0,0,0,0,0,10/31/2018,GM,tip partially broken
47ub_153_1_30july,47UB,153,r,30,6,July,2018,1,0,0,0,0,0,10/31/2018,GM,
5ub_154_1_30july,5UB,154,l,30,6,July,2018,1,5,0,0,0,0,10/31/2018,GM,
32ub_154_1_30july,32UB,154,r,30,6,July,2018,1,7,0,0,1,0,10/31/2018,GM,
1ub_155_1_30july,1UB,155,l,30,6,July,2018,1,NA,NA,NA,NA,NA,10/31/2018,GM,tip missing
29ub_155_1_30july,29UB,155,r,30,6,July,2018,1,0,0,0,0,0,10/31/2018,GM,
24ub_156_1_30july,24UB,156,l,30,6,July,2018,1,5,0,0,0,0,10/31/2018,GM,
24ub_156_2_30july,24UB,156,l,30,6,July,2018,2,0,0,0,0,0,10/31/2018,GM,
27ub_156_1_30july,27UB,156,r,30,6,July,2018,1,9,0,0,1,0,10/31/2018,GM,
27ub_156_2_30july,27UB,156,r,30,6,July,2018,2,4,0,0,0,0,10/31/2018,GM,
27ub_156_3_30july,27UB,156,r,30,6,July,2018,3,24,0,0,0,0,10/31/2018,GM,
27ub_156_4_30july,27UB,156,r,30,6,July,2018,4,0,0,0,0,0,10/31/2018,GM,
41ub_157_1_30july,41UB,157,l,30,6,July,2018,1,17,0,2,0,0,10/31/2018,GM,
41ub_157_2_30july,41UB,157,l,30,6,July,2018,2,9,0,0,0,1,10/31/2018,GM,
41ub_157_3_30july,41UB,157,l,30,6,July,2018,3,11,0,0,0,0,10/31/2018,GM,
41ub_157_1_30july,41UB,157,r,30,6,July,2018,1,1,0,0,0,0,10/31/2018,GM,
41ub_157_2_30july,41UB,157,r,30,6,July,2018,2,4,0,0,0,0,10/31/2018,GM,
40ub_158_1_30july,40UB,158,l,30,6,July,2018,1,2,0,0,0,14,10/31/2018,GM,
40ub_158_2_30july,40UB,158,l,30,6,July,2018,2,6,0,0,0,0,10/31/2018,GM,
33ub_158_1_30july,33UB,158,r,30,6,July,2018,1,6,0,1,0,0,10/31/2018,GM,
37ub_159_1_30july,37UB,159,l,30,6,July,2018,1,30,0,3,3,0,10/31/2018,AK,
27ub_159_1_27july,27UB,159,r,27,5,July,2018,1,NA,NA,NA,NA,NA,10/31/2018,AK,stigma tip missing
27ub_159_2_27july,27UB,159,r,27,5,July,2018,2,8,0,0,0,1,10/31/2018,AK,
27ub_159_3_27july,27UB,159,r,27,5,July,2018,3,2,0,0,0,0,10/31/2018,AK,
27ub_159_4_27july,27UB,159,r,27,5,July,2018,4,0,0,0,0,0,10/31/2018,AK,
39ub_160_1_27july,39UB,160,l,27,5,July,2018,1,3,0,0,0,0,10/31/2018,AK,
30ub_160_1_27july,30UB,160,r,27,5,July,2018,1,12,0,0,0,0,10/31/2018,AK,
37ub_161_1_27july,37UB,161,l,27,5,July,2018,1,32,0,0,0,0,10/31/2018,AK,
37ub_161_2_27july,37UB,161,l,27,5,July,2018,2,16,3,0,0,0,10/31/2018,AK,
38ub_161_1_27july,38UB,161,r,27,5,July,2018,1,3,0,1,1,0,10/31/2018,AK,
38ub_161_2_27july,38UB,161,r,27,5,July,2018,2,6,0,0,0,0,10/31/2018,AK,
41ub_162_1_27july,41UB,162,l,27,5,July,2018,1,29,0,0,0,0,10/31/2018,AK,
41ub_162_2_27july,41UB,162,l,27,5,July,2018,2,44,0,0,0,2,10/31/2018,AK,
41ub_162_3_27july,41UB,162,l,27,5,July,2018,3,5,1,0,0,0,10/31/2018,AK,
41ub_162_4_27july,41UB,162,l,27,5,July,2018,4,9,0,0,0,0,10/31/2018,AK,
26ub_162_1_27july,26UB,162,r,27,5,July,2018,1,0,0,0,0,0,10/31/2018,AK,
24ub_163_1_27july,24UB,163,l,27,5,July,2018,1,0,0,0,0,0,10/31/2018,AK,
24ub_163_2_27july,24UB,163,l,27,5,July,2018,2,0,0,0,0,0,10/31/2018,AK,
29ub_163_1_27july,29UB,163,r,27,5,July,2018,1,0,0,0,0,0,10/31/2018,AK,
29ub_163_2_27july,29UB,163,r,27,5,July,2018,2,0,2,0,0,0,10/31/2018,AK,
29ub_163_3_27july,29UB,163,r,27,5,July,2018,3,0,0,0,0,0,10/31/2018,AK,
25ub_164_1_27july,25UB,164,l,27,5,July,2018,1,2,0,0,0,3,10/31/2018,AK,
25ub_164_2_27july,25UB,164,l,27,5,July,2018,2,2,1,0,0,0,10/31/2018,AK,
25ub_164_3_27july,25UB,164,l,27,5,July,2018,3,0,0,0,0,0,10/31/2018,AK,
25ub_164_4_27july,25UB,164,l,27,5,July,2018,4,0,0,0,0,0,10/31/2018,AK,
28ub_164_1_27july,28UB,164,r,27,5,July,2018,1,1,0,0,0,0,10/31/2018,AK,
28ub_164_2_27july,28UB,164,r,27,5,July,2018,2,13,0,0,0,1,10/31/2018,AK,
28ub_164_3_27july,28UB,164,r,27,5,July,2018,3,0,0,0,0,0,10/31/2018,AK,
28ub_164_4_27july,28UB,164,r,27,5,July,2018,4,1,1,0,0,0,10/31/2018,AK,slide labeled as 5s but only has 4s- one stigma ripped in multiple sections but only 1 with stigma tip
40ub_165_1_27july,40UB,165,l,27,5,July,2018,1,NA,NA,NA,NA,NA,10/31/2018,AK,ALAN CHECK: I dont know what to label this as but not a typical stigma
47ub_165_1_27july,47UB,165,r,27,5,July,2018,1,NA,NA,NA,NA,NA,10/31/2018,AK,nothing present on slide?
33ub_166_1_27july,33UB,166,l,27,5,July,2018,1,5,0,0,0,0,10/31/2018,AK,
5ub_166_1_27july,5UB,166,r,27,5,July,2018,1,17,0,0,0,2,10/31/2018,AK,
11ub_167_1_27july,11UB,167,l,27,5,July,2018,1,6,0,0,0,0,10/31/2018,AK,RESOLVED: can't read plant id#
16b_167_1_27july,16B,167,r,27,5,July,2018,1,20,0,0,0,0,10/31/2018,AK,"many more pollen grains scatter along length of stigma, not included in count"
16b_167_2_27july,16B,167,r,27,5,July,2018,2,12,1,0,0,0,10/31/2018,AK,
16b_167_3_27july,16B,167,r,27,5,July,2018,3,19,0,0,0,1,10/31/2018,AK,
16b_167_4_27july,16B,167,r,27,5,July,2018,4,15,0,0,0,0,10/31/2018,AK,
16b_168_1_27july,16B,168,l,27,5,July,2018,1,8,1,0,0,0,10/31/2018,AK,
16b_168_2_27july,16B,168,l,27,5,July,2018,2,26,0,0,0,0,10/31/2018,AK,
16b_168_3_27july,16B,168,l,27,5,July,2018,3,19,1,0,0,0,10/31/2018,AK,
16b_168_1_27july,16B,168,r,27,5,July,2018,1,8,1,0,2,0,10/31/2018,AK,
16b_168_2_27july,16B,168,r,27,5,July,2018,2,13,0,0,0,0,10/31/2018,AK,
20b_169_1_27july,20B,169,l,27,5,July,2018,1,NA,NA,NA,NA,NA,10/31/2018,AK,tip missing - 1 dpurp pollen present
20b_169_2_27july,20B,169,l,27,5,July,2018,2,8,0,0,2,0,10/31/2018,AK,
20b_169_3_27july,20B,169,l,27,5,July,2018,3,0,0,0,0,0,10/31/2018,AK,
20b_169_1_27july,20B,169,r,27,5,July,2018,1,0,0,0,0,0,10/31/2018,AK,
20b_169_2_27july,20B,169,r,27,5,July,2018,2,5,1,0,0,0,10/31/2018,AK,
35b_170_1_27july,35B,170,l,27,5,July,2018,1,9,0,0,0,0,11/2/2018,GM,
35b_170_2_27july,35B,170,l,27,5,July,2018,2,7,0,0,0,2,11/2/2018,GM,
19b_170_1_27july,19B,170,r,27,5,July,2018,1,1,0,0,0,0,11/2/2018,GM,
19b_170_2_27july,19B,170,r,27,5,July,2018,2,3,0,0,1,0,11/2/2018,GM,
19b_170_3_27july,19B,170,r,27,5,July,2018,3,4,0,0,1,0,11/2/2018,GM,
19b_170_4_27july,19B,170,r,27,5,July,2018,4,9,0,0,0,0,11/2/2018,GM,
11b_171_1_27july,11B,171,l,27,5,July,2018,1,1,0,0,0,0,11/2/2018,GM,
12b_171_1_27july,12B,171,r,27,5,July,2018,1,0,0,0,0,0,11/2/2018,GM,
12b_171_2_27july,12B,171,r,27,5,July,2018,2,2,0,0,0,6,11/2/2018,GM,
12b_171_3_27july,12B,171,r,27,5,July,2018,3,0,0,0,0,0,11/2/2018,GM,tip looks partially broken
12b_171_4_27july,12B,171,r,27,5,July,2018,4,0,0,0,0,2,11/2/2018,GM,
12b_172_1_27july,12B,172,l,27,5,July,2018,1,1,0,1,0,0,11/2/2018,GM,
12b_172_2_27july,12B,172,l,27,5,July,2018,2,3,0,0,0,0,11/2/2018,GM,
12b_172_3_27july,12B,172,l,27,5,July,2018,3,2,0,0,3,2,11/2/2018,GM,
13b_172_1_27july,13B,172,r,27,5,July,2018,1,7,0,1,1,3,11/2/2018,GM,
14b_173_1_27july,14B,173,l,27,5,July,2018,1,7,0,0,0,0,11/2/2018,GM,
14b_173_2_27july,14B,173,l,27,5,July,2018,2,14,0,0,0,0,11/2/2018,GM,
14b_173_3_27july,14B,173,l,27,5,July,2018,3,3,0,0,0,0,11/2/2018,GM,
14b_173_4_27july,14B,173,l,27,5,July,2018,4,0,0,0,0,0,11/2/2018,GM,
3ub_173_1_27july,3UB,173,r,27,5,July,2018,1,12,0,0,0,1,11/2/2018,GM,
3ub_173_2_27july,3UB,173,r,27,5,July,2018,2,14,0,2,0,2,11/2/2018,GM,
17b_174_1_27july,17B,174,l,27,5,July,2018,1,25,0,0,1,0,11/2/2018,GM,
2ub_174_1_27july,2UB,174,r,27,5,July,2018,1,2,0,0,0,0,11/2/2018,GM,
1ub_175_1_27july,1UB,175,l,27,5,July,2018,1,26,0,0,0,1,11/2/2018,GM,
1ub_175_2_27july,1UB,175,l,27,5,July,2018,2,5,0,1,0,0,11/2/2018,GM,
1ub_175_3_27july,1UB,175,l,27,5,July,2018,3,8,0,0,0,2,11/2/2018,GM,
1ub_175_4_27july,1UB,175,l,27,5,July,2018,4,12,0,0,1,0,11/2/2018,GM,
1ub_175_1_27july,1UB,175,r,27,5,July,2018,1,21,0,0,0,0,11/2/2018,GM,
1ub_175_2_27july,1UB,175,r,27,5,July,2018,2,8,0,0,0,0,11/2/2018,GM,
1ub_175_3_27july,1UB,175,r,27,5,July,2018,3,14,0,0,0,0,11/2/2018,GM,
32ub_176_1_27july,32UB,176,l,27,5,July,2018,1,28,0,0,0,1,11/2/2018,GM,
32ub_176_2_27july,32UB,176,l,27,5,July,2018,2,27,0,0,0,0,11/2/2018,GM,
32ub_176_3_27july,32UB,176,l,27,5,July,2018,3,30,0,0,2,4,11/2/2018,GM,"repressed, pollen near stigma was moved after pressing"
31ub_176_1_27july,31UB,176,r,27,5,July,2018,1,36,0,1,1,0,11/2/2018,GM,
31ub_176_2_27july,31UB,176,r,27,5,July,2018,2,0,0,0,0,0,11/2/2018,GM,
31ub_176_3_27july,31UB,176,r,27,5,July,2018,3,8,0,0,0,0,11/2/2018,GM,
31ub_176_4_27july,31UB,176,r,27,5,July,2018,4,24,0,1,1,0,11/2/2018,GM,
33b_177_1_27july,33B,177,l,27,5,July,2018,1,13,0,0,0,0,11/2/2018,GM,
33b_177_2_27july,33B,177,l,27,5,July,2018,2,1,0,0,0,0,11/2/2018,GM,
33b_177_3_27july,33B,177,l,27,5,July,2018,3,0,0,0,0,0,11/2/2018,GM,
31b_177_1_27july,31B,177,r,27,5,July,2018,1,1,0,0,0,0,11/2/2018,GM,
31b_177_2_27july,31B,177,r,27,5,July,2018,2,13,0,0,1,1,11/2/2018,GM,
31b_177_3_27july,31B,177,r,27,5,July,2018,3,5,0,0,0,0,11/2/2018,GM,
31b_177_4_27july,31B,177,r,27,5,July,2018,4,19,0,0,0,3,11/2/2018,GM,
4b_178_1_27july,4B,178,l,27,5,July,2018,1,5,0,0,0,0,11/2/2018,GM,
4b_178_2_27july,4B,178,l,27,5,July,2018,2,13,0,0,0,0,11/2/2018,GM,
4b_178_3_27july,4B,178,l,27,5,July,2018,3,4,0,0,0,1,11/2/2018,GM,
4b_178_4_27july,4B,178,l,27,5,July,2018,4,9,0,0,2,0,11/2/2018,GM,
4b_178_1_27july,4B,178,r,27,5,July,2018,1,10,0,0,0,0,11/2/2018,GM,
4b_178_2_27july,4B,178,r,27,5,July,2018,2,10,0,0,1,0,11/2/2018,GM,
4b_178_3_27july,4B,178,r,27,5,July,2018,3,5,0,0,0,2,11/2/2018,GM,
4b_178_4_27july,4B,178,r,27,5,July,2018,4,16,0,1,0,1,11/2/2018,GM,
4b_179_1_27july,4B,179,l,27,5,July,2018,1,16,0,0,1,0,11/2/2018,GM,
4b_179_2_27july,4B,179,l,27,5,July,2018,2,4,0,2,0,0,11/2/2018,GM,
32b_179_1_27july,32B,179,r,27,5,July,2018,1,20,0,1,0,3,11/2/2018,GM,
40b_180_1_27july,40B,180,l,27,5,July,2018,1,0,0,0,0,0,11/2/2018,GM,
46ub_180_1_27july,46UB,180,r,27,5,July,2018,1,12,0,0,2,0,11/2/2018,GM,
5b_181_1_17july,5B,181,l,17,2,July,2018,1,6,7,0,0,0,11/2/2018,GM,
5b_181_2_17july,5B,181,l,17,2,July,2018,2,8,11,0,0,2,11/2/2018,GM,
5b_181_3_17july,5B,181,l,17,2,July,2018,3,7,3,0,0,0,11/2/2018,GM,
5b_181_4_17july,5B,181,l,17,2,July,2018,4,14,4,0,0,0,11/2/2018,GM,
5b_181_5_17july,5B,181,l,17,2,July,2018,5,10,8,0,0,1,11/2/2018,GM,
5b_181_6_17july,5B,181,l,17,2,July,2018,6,14,16,0,0,0,11/2/2018,GM,
5b_181_7_17july,5B,181,l,17,2,July,2018,7,7,3,0,0,6,11/2/2018,GM,
9b_182_1_17july,9B,182,l,17,2,July,2018,1,2,1,0,0,0,11/2/2018,GM,
9b_182_2_17july,9B,182,l,17,2,July,2018,2,1,2,0,0,0,11/2/2018,GM,
2ub_183_1_18july,2UB,183,l,18,2,July,2018,1,28,1,1,0,0,11/2/2018,GM,was repressed
6b_183_1_27july,6B,183,r,27,5,July,2018,1,15,0,0,0,1,11/2/2018,GM,
6b_183_2_27july,6B,183,r,27,5,July,2018,2,17,0,0,1,1,11/2/2018,GM,
6b_183_3_27july,6B,183,r,27,5,July,2018,3,18,1,0,0,0,11/2/2018,GM,
6b_184_1_27july,6B,184,l,27,5,July,2018,1,8,0,0,0,0,11/2/2018,GM,
6b_184_2_27july,6B,184,l,27,5,July,2018,2,18,1,0,0,2,11/2/2018,GM,
6b_184_3_27july,6B,184,l,27,5,July,2018,3,0,0,0,0,0,11/2/2018,GM,stigma looks really shrivled
6b_184_1_27july,6B,184,r,27,5,July,2018,1,8,0,0,1,0,11/2/2018,GM,
6b_184_2_27july,6B,184,r,27,5,July,2018,2,6,0,0,0,0,11/2/2018,GM,
6b_184_3_27july,6B,184,r,27,5,July,2018,3,16,0,1,0,0,11/2/2018,GM,
6b_184_4_27july,6B,184,r,27,5,July,2018,4,20,0,0,0,0,11/2/2018,GM,
9b_185_1_27july,9B,185,l,27,5,July,2018,1,7,0,0,0,0,11/2/2018,GM,
9b_185_2_27july,9B,185,l,27,5,July,2018,2,4,3,0,0,1,11/2/2018,GM,
9b_185_3_27july,9B,185,l,27,5,July,2018,3,18,0,0,1,0,11/2/2018,GM,
9b_185_4_27july,9B,185,l,27,5,July,2018,4,5,0,0,0,0,11/2/2018,GM,
9b_185_1_27july,9B,185,r,27,5,July,2018,1,7,0,1,0,6,11/2/2018,GM,
9b_185_2_27july,9B,185,r,27,5,July,2018,2,1,0,0,0,0,11/2/2018,GM,
9b_185_3_27july,9B,185,r,27,5,July,2018,3,13,0,0,2,0,11/2/2018,GM,
9b_185_4_27july,9B,185,r,27,5,July,2018,4,3,0,0,0,0,11/2/2018,GM,
9b_186_1_27july,9B,186,l,27,5,July,2018,1,8,0,0,0,0,11/2/2018,GM,
9b_186_2_27july,9B,186,l,27,5,July,2018,2,0,0,0,0,0,11/2/2018,GM,
9b_186_3_27july,9B,186,l,27,5,July,2018,3,11,0,0,0,0,11/2/2018,GM,
3b_186_1_27july,3B,186,r,27,5,July,2018,1,1,0,0,0,0,11/2/2018,GM,
3b_186_2_27july,3B,186,r,27,5,July,2018,2,9,0,0,3,0,11/2/2018,GM,
3b_186_3_27july,3B,186,r,27,5,July,2018,3,2,0,0,0,0,11/2/2018,GM,
3b_187_1_27july,3B,187,l,27,5,July,2018,1,10,0,0,2,0,11/2/2018,AK,
3b_187_2_27july,3B,187,l,27,5,July,2018,2,4,0,0,0,0,11/2/2018,AK,more pollen farther down in stigma- dpurp amor and aster
3b_187_3_27july,3B,187,l,27,5,July,2018,3,8,0,0,3,1,11/2/2018,AK,
3b_187_1_27july,3B,187,r,27,5,July,2018,1,7,0,0,3,0,11/2/2018,AK,bubble is obstructing view of part of stigma tip
3b_187_2_27july,3B,187,r,27,5,July,2018,2,9,0,1,0,0,11/2/2018,AK,
3b_187_3_27july,3B,187,r,27,5,July,2018,3,6,0,0,1,1,11/2/2018,AK,
10b_188_1_27july,10B,188,l,27,5,July,2018,1,12,0,0,2,2,11/2/2018,AK,
10b_188_2_27july,10B,188,l,27,5,July,2018,2,16,0,1,0,1,11/2/2018,AK,repressed
10b_188_3_27july,10B,188,l,27,5,July,2018,3,15,0,0,0,0,11/2/2018,AK,
10b_188_1_27july,10B,188,r,27,5,July,2018,1,NA,NA,NA,NA,NA,11/2/2018,AK,stigma tip missing
10b_188_2_27july,10B,188,r,27,5,July,2018,2,16,0,0,0,0,11/2/2018,AK,
10b_188_3_27july,10B,188,r,27,5,July,2018,3,0,0,0,0,0,11/2/2018,AK,
10b_189_1_27july,10B,189,l,27,5,July,2018,1,1,0,0,0,0,11/2/2018,AK,
10b_189_2_27july,10B,189,l,27,5,July,2018,2,13,0,0,0,0,11/2/2018,AK,
10b_189_3_27july,10B,189,l,27,5,July,2018,3,1,0,0,0,0,11/2/2018,AK,
42b_189_1_27july,42B,189,r,27,5,July,2018,1,1,0,2,0,1,11/2/2018,AK,
40b_190_1_27july,40B,190,l,27,5,July,2018,1,0,0,0,0,0,11/2/2018,AK,
40b_190_2_27july,40B,190,l,27,5,July,2018,2,0,0,2,0,0,11/2/2018,AK,
41b_190_1_27july,41B,190,r,27,5,July,2018,1,0,0,0,0,0,11/2/2018,AK,
41b_190_2_27july,41B,190,r,27,5,July,2018,2,1,0,3,0,0,11/2/2018,AK,
41b_190_3_27july,41B,190,r,27,5,July,2018,3,6,0,0,0,0,11/2/2018,AK,
41b_191_1_27july,41B,191,l,27,5,July,2018,1,0,0,0,0,0,11/2/2018,AK,
41b_191_2_27july,41B,191,l,27,5,July,2018,2,3,0,2,0,0,11/2/2018,AK,
8ub_191_1_27july,8UB,191,r,27,5,July,2018,1,0,0,0,0,0,11/2/2018,AK,
9ub_192_1_27july,9UB,192,l,27,5,July,2018,1,0,0,0,0,0,11/2/2018,AK,
2ub_192_1_27july,2UB,192,r,27,5,July,2018,1,2,0,0,0,0,11/2/2018,AK,2 more dpurp pollen location farther down in stigma
2ub_192_2_27july,2UB,192,r,27,5,July,2018,2,0,0,0,0,0,11/2/2018,AK,
6ub_193_1_27july,6UB,193,l,27,5,July,2018,1,1,0,1,0,0,11/2/2018,AK,
6ub_193_2_27july,6UB,193,l,27,5,July,2018,2,11,0,1,0,0,11/2/2018,AK,
47b_193_1_27july,47B,193,r,27,5,July,2018,1,5,0,0,0,0,11/2/2018,AK,
48b_194_1_27july,48B,194,l,27,5,July,2018,1,1,0,0,1,0,11/2/2018,AK,
46b_194_1_27july,46B,194,r,27,5,July,2018,1,4,0,0,0,0,11/2/2018,AK,
43ub_195_1_27july,43UB,195,l,27,5,July,2018,1,1,0,0,0,0,11/2/2018,AK,
43ub_195_2_27july,43UB,195,l,27,5,July,2018,2,0,0,0,0,0,11/2/2018,AK,
15ub_195_1_27july,15UB,195,r,27,5,July,2018,1,4,0,1,0,1,11/2/2018,AK,
15ub_195_2_27july,15UB,195,r,27,5,July,2018,2,4,0,0,0,0,11/2/2018,AK,
15ub_195_3_27july,15UB,195,r,27,5,July,2018,3,7,0,0,2,0,11/2/2018,AK,
15ub_195_4_27july,15UB,195,r,27,5,July,2018,4,9,1,0,0,0,11/2/2018,AK,
45ub_196_1_27july,45UB,196,l,27,5,July,2018,1,5,0,0,1,0,11/2/2018,AK,
45ub_196_2_27july,45UB,196,l,27,5,July,2018,2,1,0,0,0,0,11/2/2018,AK,
45ub_196_3_27july,45UB,196,l,27,5,July,2018,3,4,0,0,0,0,11/2/2018,AK,
45ub_196_1_27july,45UB,196,r,27,5,July,2018,1,19,0,0,0,0,11/2/2018,AK,
45ub_196_2_27july,45UB,196,r,27,5,July,2018,2,19,0,0,0,1,11/2/2018,AK,
13ub_197_1_27july,13UB,197,l,27,5,July,2018,1,13,0,1,1,0,11/2/2018,AK,
13ub_197_2_27july,13UB,197,l,27,5,July,2018,2,0,0,0,0,0,11/2/2018,AK,
13ub_197_3_27july,13UB,197,l,27,5,July,2018,3,19,0,1,0,0,11/2/2018,AK,
36ub_197_1_27july,36UB,197,r,27,5,July,2018,1,19,0,0,0,0,11/2/2018,AK,
36ub_197_2_27july,36UB,197,r,27,5,July,2018,2,1,0,0,0,0,11/2/2018,AK,
36ub_197_3_27july,36UB,197,r,27,5,July,2018,3,6,0,0,0,0,11/2/2018,AK,
36ub_197_4_27july,36UB,197,r,27,5,July,2018,4,1,0,1,0,0,11/2/2018,AK,
44ub_198_1_27july,44UB,198,l,27,5,July,2018,1,NA,NA,NA,NA,NA,11/2/2018,AK,no stigma tip
19ub_198_1_27july,19UB,198,r,27,5,July,2018,1,0,0,0,0,0,11/2/2018,AK,3 dpurp pollen on stigma but not on tip
19ub_198_2_27july,19UB,198,r,27,5,July,2018,2,0,0,0,0,0,11/2/2018,AK,
19ub_198_3_27july,19UB,198,r,27,5,July,2018,3,2,0,0,0,0,11/2/2018,AK,
19ub_199_1_27july,19UB,199,l,27,5,July,2018,1,0,1,0,0,0,11/2/2018,AK,
19ub_199_2_27july,19UB,199,l,27,5,July,2018,2,0,0,0,0,0,11/2/2018,AK,
19ub_199_3_27july,19UB,199,l,27,5,July,2018,3,0,0,0,0,0,11/2/2018,AK,
14ub_199_1_27july,14UB,199,r,27,5,July,2018,1,4,0,0,0,0,11/2/2018,AK,
14ub_199_2_27july,14UB,199,r,27,5,July,2018,2,0,0,0,0,0,11/2/2018,AK,
14ub_199_3_27july,14UB,199,r,27,5,July,2018,3,1,0,2,0,0,11/2/2018,AK,
14ub_200_1_27july,14UB,200,l,27,5,July,2018,1,1,0,0,0,0,11/2/2018,AK,
14ub_200_2_27july,14UB,200,l,27,5,July,2018,2,0,0,0,0,0,11/2/2018,AK,
14ub_200_3_27july,14UB,200,l,27,5,July,2018,3,0,0,0,1,0,11/2/2018,AK,
45ub_200_1_27july,45UB,200,r,27,5,July,2018,1,0,0,0,0,0,11/2/2018,AK,
43ub_201_1_27july,43UB,201,l,27,5,July,2018,1,0,0,0,0,0,11/2/2018,AK,
34ub_201_1_27july,34UB,201,r,27,5,July,2018,1,0,0,0,0,0,11/2/2018,AK,
34ub_201_2_27july,34UB,201,r,27,5,July,2018,2,0,0,0,0,0,11/2/2018,AK,
34ub_201_3_27july,34UB,201,r,27,5,July,2018,3,0,0,0,0,0,11/2/2018,AK,
34ub_201_4_27july,34UB,201,r,27,5,July,2018,4,0,0,0,0,0,11/2/2018,AK,
34ub_202_1_27july,34UB,202,l,27,5,July,2018,1,0,0,0,0,0,11/2/2018,AK,
36ub_202_1_27july,36UB,202,r,27,5,July,2018,1,6,0,0,0,0,11/2/2018,AK,
36ub_202_2_27july,36UB,202,r,27,5,July,2018,2,22,0,0,0,0,11/2/2018,AK,
36ub_202_3_27july,36UB,202,r,27,5,July,2018,3,4,0,0,0,1,11/2/2018,AK,
36ub_202_4_27july,36UB,202,r,27,5,July,2018,4,10,0,0,0,0,11/2/2018,AK,
35ub_203_1_27july,35UB,203,l,27,5,July,2018,1,1,0,0,0,0,11/2/2018,AK,
35ub_203_2_27july,35UB,203,l,27,5,July,2018,2,0,0,0,0,0,11/2/2018,AK,some pollen scattered away from stigma tip - all dpurp and 1 aster
35ub_203_3_27july,35UB,203,l,27,5,July,2018,3,10,0,0,0,0,11/2/2018,AK,
35ub_203_4_27july,35UB,203,l,27,5,July,2018,4,0,0,0,0,0,11/2/2018,AK,
35ub_203_1_27july,35UB,203,r,27,5,July,2018,1,4,0,0,0,0,11/2/2018,AK,
35ub_203_2_27july,35UB,203,r,27,5,July,2018,2,2,0,0,0,0,11/2/2018,AK,tip seems a bit damaged - 1 dpurp located lower on stigma
35ub_203_3_27july,35UB,203,r,27,5,July,2018,3,0,0,0,0,0,11/2/2018,AK,
35ub_203_4_27july,35UB,203,r,27,5,July,2018,4,1,0,0,0,0,11/2/2018,AK,
23b_204_1_27july,23B,204,l,27,5,July,2018,1,2,0,0,1,1,11/5/2018,GM,
23b_204_2_27july,23B,204,l,27,5,July,2018,2,0,0,0,0,0,11/5/2018,GM,
26b_204_1_27july,26B,204,r,27,5,July,2018,1,0,0,4,0,0,11/5/2018,GM,
26b_204_2_27july,26B,204,r,27,5,July,2018,2,6,0,4,0,0,11/5/2018,GM,
26b_205_1_27july,26B,205,l,27,5,July,2018,1,1,0,4,0,0,11/5/2018,GM,
38b_205_1_27july,38B,205,r,27,5,July,2018,1,4,0,0,0,0,11/5/2018,GM,
38b_205_2_27july,38B,205,r,27,5,July,2018,2,0,0,0,0,0,11/5/2018,GM,
38b_205_3_27july,38B,205,r,27,5,July,2018,3,2,0,0,0,0,11/5/2018,GM,
38b_205_4_27july,38B,205,r,27,5,July,2018,4,0,0,0,0,0,11/5/2018,GM,
39b_206_1_27july,39B,206,l,27,5,July,2018,1,2,0,1,0,0,11/5/2018,GM,
21b_206_1_27july,21B,206,r,27,5,July,2018,1,0,0,0,0,0,11/5/2018,GM,
25b_207_1_27july,25B,207,l,27,5,July,2018,1,0,0,5,0,0,11/5/2018,GM,
25b_207_2_27july,25B,207,l,27,5,July,2018,2,0,0,0,0,0,11/5/2018,GM,
25b_207_3_27july,25B,207,l,27,5,July,2018,3,0,0,1,0,0,11/5/2018,GM,
30b_207_1_27july,30B,207,r,27,5,July,2018,1,2,0,1,0,0,11/5/2018,GM,
30b_207_2_27july,30B,207,r,27,5,July,2018,2,11,0,9,1,3,11/5/2018,GM,
30b_207_3_27july,30B,207,r,27,5,July,2018,3,0,0,0,0,0,11/5/2018,GM,
27b_208_1_27july,27B,208,l,27,5,July,2018,1,10,0,0,0,0,11/5/2018,GM,
27b_208_2_27july,27B,208,l,27,5,July,2018,2,107,1,35,11,0,11/5/2018,GM,"repressed, pollen near stigma tip was connected before repress"
27b_208_3_27july,27B,208,l,27,5,July,2018,3,6,0,1,0,0,11/5/2018,GM,
40b_208_1_7august,40B,208,r,7,8,August,2018,1,0,0,0,0,0,11/5/2018,GM,
42b_209_1_7august,42B,209,l,7,8,August,2018,1,0,0,0,0,0,11/5/2018,GM,
38ub_209_1_7august,38UB,209,r,7,8,August,2018,1,8,0,0,0,0,11/5/2018,GM,
41ub_210_1_7august,41UB,210,l,7,8,August,2018,1,6,0,0,0,0,11/5/2018,GM,"repressed, part of tip was broken off and has pollen on it, located near the tip"
41ub_210_2_7august,41UB,210,l,7,8,August,2018,2,15,0,0,0,1,11/5/2018,GM,
27ub_210_1_7august,27UB,210,r,7,8,August,2018,1,1,0,0,0,0,11/5/2018,GM,
48b_211_1_7august,48B,211,l,7,8,August,2018,1,6,0,0,0,0,11/5/2018,GM,
46b_211_1_7august,46B,211,r,7,8,August,2018,1,10,0,0,1,0,11/5/2018,GM,
46b_211_2_7august,46B,211,r,7,8,August,2018,2,4,0,0,0,0,11/5/2018,GM,
43b_212_1_7august,43B,212,l,7,8,August,2018,1,0,0,0,0,0,11/5/2018,GM,
36b_212_1_7august,36B,212,r,7,8,August,2018,1,0,0,0,0,0,11/5/2018,GM,
36b_212_2_7august,36B,212,r,7,8,August,2018,2,0,0,0,0,0,11/5/2018,GM,
43ub_213_1_2august,43UB,213,l,2,7,August,2018,1,0,0,0,0,0,11/5/2018,GM,
43ub_213_2_2august,43UB,213,l,2,7,August,2018,2,0,0,0,0,0,11/5/2018,GM,
14ub_213_1_2august,14UB,213,r,2,7,August,2018,1,14,0,0,2,1,11/5/2018,GM,
14ub_213_2_2august,14UB,213,r,2,7,August,2018,2,10,0,0,0,0,11/5/2018,GM,
34ub_214_1_2august,34UB,214,l,2,7,August,2018,1,0,0,0,0,0,11/5/2018,GM,
34ub_214_2_2august,34UB,214,l,2,7,August,2018,2,0,0,0,0,0,11/5/2018,GM,
44ub_214_1_2august,44UB,214,r,2,7,August,2018,1,0,0,0,1,0,11/5/2018,GM,
45ub_215_1_2august,45UB,215,l,2,7,August,2018,1,22,0,0,0,0,11/5/2018,GM,
45ub_215_2_2august,45UB,215,l,2,7,August,2018,2,0,0,0,0,0,11/5/2018,GM,
45ub_215_3_2august,45UB,215,l,2,7,August,2018,3,0,0,0,0,1,11/5/2018,GM,
45ub_215_1_2august,45UB,215,r,2,7,August,2018,1,0,0,0,0,0,11/5/2018,GM,
45ub_215_2_2august,45UB,215,r,2,7,August,2018,2,4,0,1,0,0,11/5/2018,GM,
19ub_216_1_2august,19UB,216,l,2,7,August,2018,1,0,0,0,0,0,11/5/2018,GM,
36ub_216_1_2august,36UB,216,r,2,7,August,2018,1,2,0,0,0,0,11/5/2018,GM,
36ub_216_2_2august,36UB,216,r,2,7,August,2018,2,0,0,0,0,0,11/5/2018,GM,
36ub_216_3_2august,36UB,216,r,2,7,August,2018,3,0,0,0,0,0,11/5/2018,GM,
36ub_216_4_2august,36UB,216,r,2,7,August,2018,4,0,0,0,0,0,11/5/2018,GM,
48ub_217_1_2august,48UB,217,l,2,7,August,2018,1,0,0,0,0,0,11/5/2018,GM,
32ub_217_1_2august,32UB,217,r,2,7,August,2018,1,0,0,0,0,0,11/5/2018,GM,
33ub_218_1_2august,33UB,218,l,2,7,August,2018,1,3,0,0,0,0,11/5/2018,GM,
33ub_218_2_2august,33UB,218,l,2,7,August,2018,2,0,0,0,0,0,11/5/2018,GM,
37ub_218_1_2august,37UB,218,r,2,7,August,2018,1,0,0,1,0,0,11/5/2018,GM,
38ub_219_1_2august,38UB,219,l,2,7,August,2018,1,5,0,0,0,0,11/5/2018,GM,
38ub_219_2_2august,38UB,219,l,2,7,August,2018,2,3,0,0,0,1,11/5/2018,GM,
38ub_219_3_2august,38UB,219,l,2,7,August,2018,3,13,0,0,1,3,11/5/2018,GM,
40ub_219_1_2august,40UB,219,r,2,7,August,2018,1,0,0,0,0,0,11/5/2018,GM,
40ub_219_2_2august,40UB,219,r,2,7,August,2018,2,2,0,1,0,0,11/5/2018,GM,
41ub_220_1_2august,41UB,220,l,2,7,August,2018,1,0,0,0,0,0,11/5/2018,GM,
41ub_220_2_2august,41UB,220,l,2,7,August,2018,2,5,0,0,0,0,11/5/2018,GM,
41ub_220_3_2august,41UB,220,l,2,7,August,2018,3,4,0,0,0,0,11/5/2018,GM,
25ub_220_1_2august,25UB,220,r,2,7,August,2018,1,0,0,0,0,0,11/5/2018,GM,
27ub_221_1_2august,27UB,221,l,2,7,August,2018,1,3,0,0,0,1,11/5/2018,GM,
27ub_221_2_2august,27UB,221,l,2,7,August,2018,2,1,0,0,0,0,11/5/2018,GM,
27ub_221_3_2august,27UB,221,l,2,7,August,2018,3,0,0,0,0,0,11/5/2018,GM,
27ub_221_1_2august,27UB,221,r,2,7,August,2018,1,0,0,0,0,0,11/5/2018,GM,
27ub_221_2_2august,27UB,221,r,2,7,August,2018,2,3,0,0,0,0,11/5/2018,GM,
27ub_221_3_2august,27UB,221,r,2,7,August,2018,3,0,0,0,0,0,11/5/2018,GM,
48b_222_1_2august,48B,222,l,2,7,August,2018,1,1,0,4,0,0,11/5/2018,GM,
48b_222_2_2august,48B,222,l,2,7,August,2018,2,15,0,0,0,0,11/5/2018,GM,
31b_222_1_2august,31B,222,r,2,7,August,2018,1,0,0,0,0,0,11/5/2018,GM,
3b_223_1_2august,3B,223,l,2,7,August,2018,1,16,0,0,0,0,11/5/2018,GM,
3b_223_2_2august,3B,223,l,2,7,August,2018,2,0,0,0,0,0,11/5/2018,GM,
47b_223_1_2august,47B,223,r,2,7,August,2018,1,18,0,0,0,0,11/5/2018,GM,
47b_223_2_2august,47B,223,r,2,7,August,2018,2,36,0,0,0,3,11/5/2018,GM,
33b_224_1_2august,33B,224,l,2,7,August,2018,1,1,0,0,0,0,11/5/2018,GM,
32b_224_1_2august,32B,224,r,2,7,August,2018,1,9,0,1,3,0,11/5/2018,GM,
46b_225_1_2august,46B,225,l,2,7,August,2018,1,0,0,0,0,0,11/5/2018,GM,
19b_225_1_2august,19B,225,r,2,7,August,2018,1,0,0,0,0,0,11/5/2018,GM,
19b_225_2_2august,19B,225,r,2,7,August,2018,2,0,0,0,0,0,11/5/2018,GM,
44b_226_1_2august,44B,226,l,2,7,August,2018,1,0,0,0,0,0,11/5/2018,GM,
35b_226_1_2august,35B,226,r,2,7,August,2018,1,0,0,0,0,0,11/5/2018,GM,
36b_227_1_2august,36B,227,l,2,7,August,2018,1,0,0,0,0,0,11/5/2018,GM,
36b_227_2_2august,36B,227,l,2,7,August,2018,2,0,0,0,0,0,11/5/2018,GM,
36b_227_3_2august,36B,227,l,2,7,August,2018,3,9,0,2,0,0,11/5/2018,GM,
34b_227_1_2august,34B,227,r,2,7,August,2018,1,0,0,0,0,0,11/5/2018,GM,
43b_228_1_2august,43B,228,l,2,7,August,2018,1,3,0,0,0,0,11/5/2018,GM,
43b_228_2_2august,43B,228,l,2,7,August,2018,2,8,0,0,0,0,11/5/2018,GM,
43b_228_3_2august,43B,228,l,2,7,August,2018,3,0,0,1,0,0,11/5/2018,GM,
45b_228_1_2august,45B,228,r,2,7,August,2018,1,2,0,0,0,0,11/5/2018,GM,
14b_229_1_2august,14B,229,l,2,7,August,2018,1,1,0,0,0,0,11/5/2018,GM,
14b_229_2_2august,14B,229,l,2,7,August,2018,2,0,0,0,0,0,11/5/2018,GM,
16b_229_1_2august,16B,229,r,2,7,August,2018,1,4,0,0,0,0,11/5/2018,GM,
16b_229_2_2august,16B,229,r,2,7,August,2018,2,12,0,0,1,0,11/5/2018,GM,
16b_229_3_2august,16B,229,r,2,7,August,2018,3,14,0,0,0,0,11/5/2018,GM,
16b_229_4_2august,16B,229,r,2,7,August,2018,4,NA,NA,NA,NA,NA,11/5/2018,GM,no tip
16b_230_1_2august,16B,230,l,2,7,August,2018,1,0,0,0,0,0,11/5/2018,GM,
16b_230_2_2august,16B,230,l,2,7,August,2018,2,11,0,0,1,0,11/5/2018,GM,
38b_230_1_2august,38B,230,r,2,7,August,2018,1,1,0,0,0,0,11/5/2018,GM,
38b_230_2_2august,38B,230,r,2,7,August,2018,2,4,0,0,1,1,11/5/2018,GM,
30b_231_1_2august,30B,231,l,2,7,August,2018,1,1,0,0,0,0,11/5/2018,GM,
40b_231_1_2august,40B,231,r,2,7,August,2018,1,0,0,0,0,0,11/5/2018,GM,
40b_231_2_2august,40B,231,r,2,7,August,2018,2,0,0,0,0,0,11/5/2018,GM,
27b_232_1_2august,27B,232,l,2,7,August,2018,1,6,0,1,0,2,11/5/2018,GM,
39b_232_1_2august,39B,232,r,2,7,August,2018,1,0,0,0,0,0,11/5/2018,GM,
26b_233_1_2august,26B,233,l,2,7,August,2018,1,0,0,0,0,1,11/5/2018,GM,
26b_233_2_2august,26B,233,l,2,7,August,2018,2,0,0,0,0,0,11/5/2018,GM,
41b_233_1_2august,41B,233,r,2,7,August,2018,1,2,0,1,0,0,11/5/2018,GM,
41b_233_2_2august,41B,233,r,2,7,August,2018,2,0,0,0,0,0,11/5/2018,GM,
41b_233_3_2august,41B,233,r,2,7,August,2018,3,5,0,0,0,0,11/5/2018,GM,
41b_233_4_2august,41B,233,r,2,7,August,2018,4,7,0,5,0,0,11/5/2018,GM,
41b_234_1_2august,41B,234,l,2,7,August,2018,1,0,0,0,0,0,11/5/2018,GM,
41b_234_2_2august,41B,234,l,2,7,August,2018,2,2,0,0,0,0,11/5/2018,GM,
41b_234_3_2august,41B,234,l,2,7,August,2018,3,14,0,1,0,0,11/5/2018,GM,
42b_234_1_2august,42B,234,r,2,7,August,2018,1,0,0,0,0,1,11/5/2018,GM,
23b_235_1_2august,23B,235,l,2,7,August,2018,1,0,0,0,0,0,11/5/2018,GM,
23b_235_2_2august,23B,235,l,2,7,August,2018,2,0,0,1,0,1,11/5/2018,GM,
23b_235_3_2august,23B,235,l,2,7,August,2018,3,0,0,1,0,0,11/5/2018,GM,
23b_235_4_2august,23B,235,l,2,7,August,2018,4,0,0,0,0,0,11/5/2018,GM,
23b_235_1_2august,23B,235,r,2,7,August,2018,1,0,0,0,0,0,11/5/2018,GM,
23b_235_2_2august,23B,235,r,2,7,August,2018,2,0,0,0,0,0,11/5/2018,GM,
23b_235_3_2august,23B,235,r,2,7,August,2018,3,0,0,1,0,2,11/5/2018,GM,
23b_235_4_2august,23B,235,r,2,7,August,2018,4,0,0,0,0,0,11/5/2018,GM,
25ub_236_1_17july,25UB,236,l,17,2,July,2018,1,0,0,0,0,0,11/5/2018,GM,
25ub_236_2_17july,25UB,236,l,17,2,July,2018,2,0,0,0,0,0,11/5/2018,GM,
25ub_236_3_17july,25UB,236,l,17,2,July,2018,3,NA,NA,NA,NA,NA,11/5/2018,GM,tip missing
