plantID,year,month,day,round,time,morphoID,touches,notes,observer,entered_by
36UB,2018,July,30,6,11:53,NA,NA,,,GM
14UB,2018,July,30,6,11:54,Syrphid,1,,,GM
13UB,2018,July,30,6,11:58,Syrphid,1,,,GM
13UB,2018,July,30,6,11:58,Syrphid,1,,,GM
35UB,2018,July,30,6,12:00,NA,NA,,,GM
45UB,2018,July,30,6,12:11,NA,NA,,,GM
43UB,2018,July,30,6,12:17,NA,NA,,,GM
29UB,2018,July,30,6,12:23,NA,NA,,,GM
24UB,2018,July,30,6,12:25,NA,NA,,,GM
28UB,2018,July,30,6,12:27,NA,NA,,,GM
40UB,2018,July,30,6,12:28,Syrphid,1,,,GM
38UB,2018,July,30,6,12:29,NA,NA,,,GM
41UB,2018,July,30,6,12:30,NA,NA,,,GM
27UB,2018,July,30,6,12:31,Syrphid,1,,,GM
37UB,2018,July,30,6,12:33,NA,NA,,,GM
39UB,2018,July,30,6,12:38,NA,NA,,,GM
25UB,2018,July,30,6,NA,NA,NA,flowers wilted/eaten for this round,,GM
38B,2018,July,30,6,12:44,NA,NA,,,GM
23B,2018,July,30,6,12:46,NA,NA,,,GM
37B,2018,July,30,6,12:47,NA,NA,,,GM
42B,2018,July,30,6,12:49,NA,NA,,,GM
26B,2018,July,30,6,12:51,NA,NA,,,GM
41B,2018,July,30,6,12:53,NA,NA,,,GM
28B,2018,July,30,6,12:55,NA,NA,,,GM
39B,2018,July,30,6,12:56,NA,NA,,,GM
29B,2018,July,30,6,12:58,NA,NA,,,GM
30B,2018,July,30,6,12:59,NA,NA,,,GM
40B,2018,July,30,6,13:04,Augochlorini,1,,,GM
27B,2018,July,30,6,13:06,NA,NA,,,GM
41UB,2018,July,30,6,9:56,Syrphid,1,small,,GM
29UB,2018,July,30,6,9:58,NA,NA,,,GM
22UB,2018,July,30,6,NA,NA,NA,no flowers,,GM
24UB,2018,July,30,6,10:00,NA,NA,,,GM
21UB,2018,July,30,6,NA,NA,NA,no flowers,,GM
23UB,2018,July,30,6,NA,NA,NA,no flowers,,GM
42UB,2018,July,30,6,NA,NA,NA,no flowers,,GM
28UB,2018,July,30,6,10:05,NA,NA,,,GM
39UB,2018,July,30,6,10:08,Syrphid,1,small,,GM
39UB,2018,July,30,6,10:08,Syrphid,1,small,,GM
39UB,2018,July,30,6,10:08,Syrphid,1,small,,GM
44UB,2018,July,30,6,NA,NA,NA,no flowers,,GM
45UB,2018,July,30,6,10:12,Syrphid,1,,,GM
45UB,2018,July,30,6,10:12,Syrphid,1,,,GM
45UB,2018,July,30,6,10:12,Syrphid,1,,,GM
36UB,2018,July,30,6,10:16,Syrphid,1,,,GM
36UB,2018,July,30,6,10:16,Syrphid,1,,,GM
36UB,2018,July,30,6,10:16,Syrphid,1,,,GM
15UB,2018,July,30,6,NA,NA,NA,no flowers w/ pollen & flowers are all wilted,,GM
13UB,2018,July,30,6,10:21,Syrphid,1,small,,GM
13UB,2018,July,30,6,10:21,Syrphid,2,small,,GM
13UB,2018,July,30,6,10:21,Syrphid,1,small,,GM
16UB,2018,July,30,6,NA,NA,NA,,,GM
20UB,2018,July,30,6,NA,NA,NA,,,GM
18UB,2018,July,30,6,NA,NA,NA,,,GM
12UB,2018,July,30,6,NA,NA,NA,,,GM
11UB,2018,July,30,6,NA,NA,NA,,,GM
35UB,2018,July,30,6,10:25,Syrphid,1,,,GM
14UB,2018,July,30,6,10:29,Lasioglossum,3,,,GM
14UB,2018,July,30,6,10:29,Lasioglossum,1,,,GM
14UB,2018,July,30,6,10:29,Syrphid,1,,,GM
34UB,2018,July,30,6,10:31,Syrphid,1,,,GM
34UB,2018,July,30,6,10:31,Syrphid,1,,,GM
43UB,2018,July,30,6,10:32,Syrphid,2,,,GM
43UB,2018,July,30,6,10:32,Lasioglossum,1,,,GM
17UB,2018,July,30,6,NA,NA,NA,no flowers,,GM
19UB,2018,July,30,6,NA,NA,NA,"only 1 flower but no pollen, flower wilted",,GM
30B,2018,July,30,6,9:15,Syrphid,1,small,,GM
30B,2018,July,30,6,9:15,Syrphid,1,small,,GM
30B,2018,July,30,6,9:15,Syrphid,1,small,,GM
24B,2018,July,30,6,NA,NA,NA,no flowers,,GM
29B,2018,July,30,6,9:16,NA,NA,,,GM
40B,2018,July,30,6,9:17,Syrphid,1,small,,GM
40B,2018,July,30,6,9:17,Syrphid,1,small,,GM
27B,2018,July,30,6,9:17,Lasioglossum,2,,,GM
27B,2018,July,30,6,9:17,Syrphid,1,,,GM
26B,2018,July,30,6,9:20,Syrphid,1,small,,GM
28B,2018,July,30,6,9:22,NA,NA,,,GM
38B,2018,July,30,6,9:24,Syrphid,1,,,GM
42B,2018,July,30,6,9:26,Syrphid,1,,,GM
37B,2018,July,30,6,9:29,NA,NA,,,GM
23B,2018,July,30,6,9:32,Syrphid,1,large,,GM
41B,2018,July,30,6,9:37,NA,NA,,,GM
39B,2018,July,30,6,9:43,Syrphid,1,small,,GM
30UB,2018,July,30,6,NA,NA,NA,no flowers,,GM
37UB,2018,July,30,6,9:47,Syrphid,1,small,,GM
37UB,2018,July,30,6,9:47,Syrphid,1,small,,GM
38UB,2018,July,30,6,9:48,Syrphid,1,small,,GM
40UB,2018,July,30,6,9:49,Syrphid,1,small,,GM
40UB,2018,July,30,6,9:49,Syrphid,1,small,,GM
27UB,2018,July,30,6,9:50,Lasioglossum,2,,,GM
27UB,2018,July,30,6,9:50,Lasioglossum,3,,,GM
27UB,2018,July,30,6,9:50,Lasioglossum,1,,,GM
27UB,2018,July,30,6,9:50,Syrphid,1,small,,GM
26UB,2018,July,30,6,NA,NA,NA,no flowers,,GM
25UB,2018,July,30,6,9:53,NA,NA,,,GM
25UB,2018,July,30,6,10:40,NA,1,,,GM
41UB,2018,July,30,6,10:42,Syrphid,1,small,,GM
37UB,2018,July,30,6,10:43,Syrphid,1,small,,GM
37UB,2018,July,30,6,10:43,Syrphid,1,small,,GM
37UB,2018,July,30,6,10:43,Syrphid,2,small,,GM
24UB,2018,July,30,6,10:46,Syrphid,1,small,,GM
24UB,2018,July,30,6,10:46,Syrphid,1,small,,GM
24UB,2018,July,30,6,10:46,Syrphid,1,small,,GM
39UB,2018,July,30,6,10:48,NA,NA,,,GM
28UB,2018,July,30,6,10:49,Syrphid,1,small,,GM
38UB,2018,July,30,6,10:51,NA,NA,,,GM
40UB,2018,July,30,6,10:52,NA,NA,,,GM
27UB,2018,July,30,6,10:54,Syrphid,1,small,,GM
27UB,2018,July,30,6,10:54,Syrphid,1,small,,GM
27UB,2018,July,30,6,10:54,Syrphid,1,small,,GM
27UB,2018,July,30,6,10:54,Augochlorini,1,,,GM
29UB,2018,July,30,6,10:59,NA,NA,,,GM
37B,2018,July,30,6,11:03,NA,NA,,,GM
42B,2018,July,30,6,11:05,Augochlorini,1,,,GM
42B,2018,July,30,6,11:05,Lasioglossum,1,,,GM
23B,2018,July,30,6,11:07,Syrphid,4,small,,GM
23B,2018,July,30,6,11:07,Syrphid,1,small,,GM
38B,2018,July,30,6,11:09,NA,NA,,,GM
26B,2018,July,30,6,11:11,NA,NA,,,GM
28B,2018,July,30,6,11:12,Syrphid,1,,,GM
27B,2018,July,30,6,11:16,Lasioglossum,3,,,GM
40B,2018,July,30,6,11:20,Syrphid,1,small,,GM
40B,2018,July,30,6,11:20,Syrphid,1,small,,GM
40B,2018,July,30,6,11:20,Syrphid,1,small,,GM
30B,2018,July,30,6,11:20,NA,NA,,,GM
29B,2018,July,30,6,11:21,NA,NA,,,GM
39B,2018,July,30,6,11:22,NA,NA,,,GM
41B,2018,July,30,6,11:25,Lasioglossum,2,,,GM
41B,2018,July,30,6,11:25,Lasioglossum,3,,,GM
41B,2018,July,30,6,11:25,Lasioglossum,1,,,GM
41B,2018,July,30,6,11:25,Syrphid,1,small,,GM
35UB,2018,July,30,6,11:37,Syrphid,1,small,,GM
14UB,2018,July,30,6,11:39,Lasioglossum,1,,,GM
43UB,2018,July,30,6,11:40,Syrphid,1,,,GM
34UB,2018,July,30,6,NA,NA,NA,pollen gone from flowers this round & flowers wilting,,GM
13UB,2018,July,30,6,11:44,NA,NA,,,GM
36UB,2018,July,30,6,11:47,Megachile,2,,,GM
45UB,2018,July,30,6,11:49,NA,NA,,,GM
14UB,2018,July,22,3,9:47,NA,NA,,,GM
15UB,2018,July,22,3,9:50,Syrphid,1,,,GM
15UB,2018,July,22,3,9:50,Lasioglossum,3,,,GM
15UB,2018,July,22,3,9:50,Syrphid,1,,,GM
11UB,2018,July,22,3,9:53,NA,NA,,,GM
17UB,2018,July,22,3,9:57,NA,NA,,,GM
19UB,2018,July,22,3,10:00,Augochlorini,1,,,GM
19UB,2018,July,22,3,10:00,Syrphid,1,small,,GM
29UB,2018,July,22,3,10:04,NA,NA,,,GM
22UB,2018,July,22,3,10:05,Syrphid,1,,,GM
22UB,2018,July,22,3,10:05,Syrphid,1,,,GM
24UB,2018,July,22,3,10:08,NA,NA,,,GM
28UB,2018,July,22,3,10:10,Syrphid,1,,,GM
27UB,2018,July,22,3,10:12,Lasioglossum,1,,,GM
27UB,2018,July,22,3,10:12,Lasioglossum,1,,,GM
27UB,2018,July,22,3,10:12,Lasioglossum,1,,,GM
26UB,2018,July,22,3,10:14,NA,NA,,,GM
25UB,2018,July,22,3,10:16,NA,NA,,,GM
30UB,2018,July,22,3,10:19,NA,NA,,,GM
21B,2018,July,22,3,10:22,NA,NA,,,GM
22B,2018,July,22,3,10:24,Lasioglossum,2,,,GM
22B,2018,July,22,3,10:24,Lasioglossum,1,,,GM
25B,2018,July,22,3,10:26,Syrphid,1,,,GM
25B,2018,July,22,3,10:26,Syrphid,1,,,GM
23B,2018,July,22,3,10:27,NA,NA,,,GM
26B,2018,July,22,3,10:31,NA,NA,,,GM
29B,2018,July,22,3,10:33,Lasioglossum,2,,,GM
30B,2018,July,22,3,10:34,NA,NA,,,GM
27B,2018,July,22,3,10:37,NA,NA,,,GM
23UB,2018,July,22,3,NA,NA,NA,no flowers,,GM
28UB,2018,July,22,3,9:32,Syrphid,1,,,GM
28UB,2018,July,22,3,9:32,Syrphid,2,,,GM
28UB,2018,July,22,3,9:32,Syrphid,1,,,GM
30UB,2018,July,22,3,9:34,NA,NA,,,GM
27UB,2018,July,22,3,9:36,NA,NA,,,GM
26UB,2018,July,22,3,9:38,NA,NA,,,GM
25UB,2018,July,22,3,9:41,NA,NA,,,GM
30UB,2018,July,22,3,10:46,NA,NA,,,GM
28UB,2018,July,22,3,10:48,NA,NA,,,GM
27UB,2018,July,22,3,10:50,Lasioglossum,1,,,GM
26UB,2018,July,22,3,10:52,NA,NA,,,GM
25UB,2018,July,22,3,10:54,NA,NA,,,GM
29UB,2018,July,22,3,10:56,NA,NA,,,GM
22UB,2018,July,22,3,10:58,NA,NA,,,GM
24UB,2018,July,22,3,11:26,Lasioglossum,1,,,GM
24UB,2018,July,22,3,11:26,Syrphid,1,,,GM
11UB,2018,July,22,3,11:27,NA,NA,,,GM
14UB,2018,July,22,3,11:33,NA,NA,,,GM
15UB,2018,July,22,3,11:35,NA,NA,,,GM
13UB,2018,July,22,3,11:37,Lasioglossum,2,,,GM
13UB,2018,July,22,3,11:37,Lasioglossum,4,,,GM
17UB,2018,July,22,3,11:39,Syrphid,1,,,GM
19UB,2018,July,22,3,11:42,NA,NA,,,GM
21B,2018,July,22,3,11:46,NA,NA,,,GM
22B,2018,July,22,3,11:48,NA,NA,,,GM
25B,2018,July,22,3,11:50,Syrphid,1,small,,GM
23B,2018,July,22,3,11:52,NA,NA,,,GM
26B,2018,July,22,3,11:55,NA,NA,,,GM
27B,2018,July,22,3,11:56,NA,NA,,,GM
30B,2018,July,22,3,11:59,Lasioglossum,1,,,GM
29B,2018,July,22,3,12:00,NA,NA,,,GM
29B,2018,July,22,3,8:44,NA,NA,,,GM
30B,2018,July,22,3,8:46,Syrphid,1,small,,GM
28B,2018,July,22,3,NA,NA,NA,no flowers,,GM
27B,2018,July,22,3,8:49,NA,NA,,,GM
26B,2018,July,22,3,8:52,NA,NA,,,GM
24B,2018,July,22,3,NA,NA,NA,no flowers,,GM
23B,2018,July,22,3,8:55,NA,NA,,,GM
25B,2018,July,22,3,8:56,Syrphid,1,small,,GM
25B,2018,July,22,3,8:56,Syrphid,1,small,,GM
25B,2018,July,22,3,8:56,Syrphid,1,small,,GM
25B,2018,July,22,3,8:56,Syrphid,1,small,,GM
22B,2018,July,22,3,8:58,NA,NA,,,GM
21B,2018,July,22,3,9:00,Syrphid,1,small,,GM
11UB,2018,July,22,3,9:07,Syrphid,1,small,,GM
12UB,2018,July,22,3,NA,NA,NA,no flowers,,GM
14UB,2018,July,22,3,9:10,NA,NA,,,GM
16UB,2018,July,22,3,NA,NA,NA,no flowers,,GM
18UB,2018,July,22,3,NA,NA,NA,no flowers,,GM
20UB,2018,July,22,3,NA,NA,NA,no flowers,,GM
19UB,2018,July,22,3,9:14,NA,NA,,,GM
17UB,2018,July,22,3,9:16,Syrphid,1,small,,GM
13UB,2018,July,22,3,NA,NA,NA,no flowers,,GM
15UB,2018,July,22,3,9:19,Lasioglossum,2,,,GM
15UB,2018,July,22,3,9:19,Syrphid,1,small,,GM
29UB,2018,July,22,3,9:24,Syrphid,2,small,,GM
22UB,2018,July,22,3,9:26,Syrphid,1,,,GM
22UB,2018,July,22,3,9:26,Augochlorini,1,,,GM
24UB,2018,July,22,3,9:27,Syrphid,2,,,GM
21UB,2018,July,22,3,NA,NA,NA,no flowers,,GM
9UB,2018,July,24,4,10:17,NA,NA,,,GM
8UB,2018,July,24,4,10:19,NA,NA,,,GM
5UB,2018,July,24,4,10:20,Syrphid,1,,,GM
4UB,2018,July,24,4,10:22,NA,NA,,,GM
6UB,2018,July,24,4,10:23,NA,NA,,,GM
3UB,2018,July,24,4,10:25,NA,NA,,,GM
2UB,2018,July,24,4,10:26,NA,NA,,,GM
1UB,2018,July,24,4,10:28,NA,NA,,,GM
32UB,2018,July,24,4,10:30,Syrphid,1,small,,GM
32UB,2018,July,24,4,10:30,Syrphid,1,small,,GM
32UB,2018,July,24,4,10:30,Syrphid,1,,,GM
31UB,2018,July,24,4,10:31,Lasioglossum,1,,,GM
31UB,2018,July,24,4,10:31,Syrphid,1,small,,GM
31UB,2018,July,24,4,10:31,Lasioglossum,1,,,GM
1B,2018,July,24,4,10:36,NA,NA,,,GM
6B,2018,July,24,4,10:37,Lasioglossum,1,,,GM
6B,2018,July,24,4,10:37,Lasioglossum,3,,,GM
6B,2018,July,24,4,10:37,Lasioglossum,2,,,GM
6B,2018,July,24,4,10:37,Syrphid,1,,,GM
6B,2018,July,24,4,10:37,Syrphid,2,,,GM
10B,2018,July,24,4,10:40,NA,NA,,,GM
31B,2018,July,24,4,10:41,Lasioglossum,1,,,GM
2B,2018,July,24,4,10:43,NA,NA,,,GM
4B,2018,July,24,4,10:45,Syrphid,1,,,GM
4B,2018,July,24,4,10:45,Syrphid,1,,,GM
4B,2018,July,24,4,10:45,Syrphid,1,,,GM
7B,2018,July,24,4,10:46,NA,NA,,,GM
9B,2018,July,24,4,10:48,Lasioglossum,1,,,GM
9B,2018,July,24,4,10:48,Syrphid,1,,,GM
3B,2018,July,24,4,10:49,Syrphid,1,,,GM
12B,2018,July,24,4,10:54,Augochlorini,4,,,GM
11B,2018,July,24,4,10:56,Syrphid,1,,,GM
11B,2018,July,24,4,10:56,Syrphid,1,,,GM
13B,2018,July,24,4,10:58,NA,NA,,,GM
14B,2018,July,24,4,10:59,Lasioglossum,2,,,GM
14B,2018,July,24,4,10:59,Lasioglossum,1,,,GM
15B,2018,July,24,4,11:01,Syrphid,1,,,GM
19B,2018,July,24,4,11:02,Syrphid,1,,,GM
16B,2018,July,24,4,11:05,NA,NA,,,GM
35B,2018,July,24,4,11:06,NA,NA,,,GM
19B,2018,July,24,4,11:08,NA,NA,,,GM
17B,2018,July,24,4,11:12,NA,NA,,,GM
12B,2018,July,24,4,8:50,NA,NA,,,GM
11B,2018,July,24,4,8:52,Lasioglossum,2,,,GM
11B,2018,July,24,4,8:52,Syrphid,1,small,,GM
13B,2018,July,24,4,8:54,NA,NA,,,GM
14B,2018,July,24,4,8:58,Syrphid,1,small,,GM
15B,2018,July,24,4,9:00,NA,NA,,,GM
19B,2018,July,24,4,9:03,Syrphid,2,small,,GM
35B,2018,July,24,4,9:05,NA,NA,,,GM
16B,2018,July,24,4,9:07,Lasioglossum,2,,,GM
16B,2018,July,24,4,9:07,Lasioglossum,1,,,GM
16B,2018,July,24,4,9:07,Lasioglossum,1,,,GM
18B,2018,July,24,4,NA,NA,NA,,,GM
34B,2018,July,24,4,NA,NA,NA,,,GM
36B,2018,July,24,4,NA,NA,NA,,,GM
17B,2018,July,24,4,9:10,Lasioglossum,1,,,GM
17B,2018,July,24,4,9:10,Lasioglossum,1,,,GM
20B,2018,July,24,4,9:14,Augochlorini,4,,,GM
20B,2018,July,24,4,9:14,Lasioglossum,2,,,GM
20B,2018,July,24,4,9:14,Lasioglossum,1,,,GM
9UB,2018,July,24,4,9:21,NA,NA,,,GM
8UB,2018,July,24,4,9:24,NA,NA,,,GM
4UB,2018,July,24,4,9:25,NA,NA,,,GM
7UB,2018,July,24,4,NA,NA,NA,,,GM
5UB,2018,July,24,4,9:26,NA,NA,,,GM
10UB,2018,July,24,4,NA,NA,NA,,,GM
1UB,2018,July,24,4,9:31,Lasioglossum,4,,,GM
1UB,2018,July,24,4,9:31,Syrphid,1,large,,GM
2UB,2018,July,24,4,9:35,NA,NA,,,GM
3UB,2018,July,24,4,9:37,Augochlorini,1,,,GM
3UB,2018,July,24,4,9:37,Lasioglossum,1,,,GM
4UB,2018,July,24,4,9:41,Lasioglossum,1,,,GM
32UB,2018,July,24,4,9:43,Syrphid,1,,,GM
31UB,2018,July,24,4,9:45,Syrphid,1,,,GM
31UB,2018,July,24,4,9:45,Syrphid,1,,,GM
6UB,2018,July,24,4,9:47,Lasioglossum,1,,,GM
1B,2018,July,24,4,9:51,NA,NA,,,GM
6B,2018,July,24,4,9:52,Syrphid,1,,,GM
6B,2018,July,24,4,9:52,Syrphid,1,,,GM
6B,2018,July,24,4,9:52,Bombus griseocolis,6,,,GM
6B,2018,July,24,4,9:52,Augochlorini,4,,,GM
10B,2018,July,24,4,9:54,Bombus bimaculatus,9,,,GM
10B,2018,July,24,4,9:54,Bombus griseocolis,5,,,GM
10B,2018,July,24,4,9:54,Lasioglossum,2,,,GM
10B,2018,July,24,4,9:54,Syrphid,1,,,GM
4B,2018,July,24,4,9:57,Bombus bimaculatus,2,,,GM
7B,2018,July,24,4,9:59,NA,NA,,,GM
8B,2018,July,24,4,NA,NA,NA,no flowers,,GM
9B,2018,July,24,4,10:01,Lasioglossum,1,,,GM
9B,2018,July,24,4,10:01,Lasioglossum,1,,,GM
5B,2018,July,24,4,NA,NA,NA,no pollen on flowers,,GM
31B,2018,July,24,4,10:06,Lasioglossum,1,,,GM
31B,2018,July,24,4,10:06,Syrphid,1,,,GM
2B,2018,July,24,4,10:08,Syrphid,2,,,GM
3B,2018,July,24,4,10:10,Syrphid,1,,,GM
3B,2018,July,24,4,10:10,Syrphid,1,,,GM
3B,2018,July,24,4,11:17,Syrphid,1,,,GM
3B,2018,July,24,4,11:17,Syrphid,1,,,GM
9B,2018,July,24,4,11:19,NA,NA,,,GM
7B,2018,July,24,4,11:21,Syrphid,1,,,GM
4B,2018,July,24,4,11:22,NA,NA,,,GM
31B,2018,July,24,4,11:23,Syrphid,1,,,GM
2B,2018,July,24,4,11:25,Syrphid,1,,,GM
1B,2018,July,24,4,11:27,NA,NA,,,GM
6B,2018,July,24,4,11:28,Syrphid,3,,,GM
6B,2018,July,24,4,11:28,Syrphid,1,,,GM
10B,2018,July,24,4,11:30,Syrphid,1,,,GM
20B,2018,July,24,4,11:35,NA,NA,,,GM
19B,2018,July,24,4,11:37,NA,NA,,,GM
35B,2018,July,24,4,11:39,Lasioglossum,1,,,GM
16B,2018,July,24,4,11:41,NA,NA,,,GM
17B,2018,July,24,4,11:42,NA,NA,,,GM
15B,2018,July,24,4,11:44,Syrphid,1,,,GM
15B,2018,July,24,4,11:44,Syrphid,1,,,GM
14B,2018,July,24,4,11:46,Augochlorini,2,,,GM
13B,2018,July,24,4,11:48,Syrphid,1,,,GM
11B,2018,July,24,4,11:49,NA,NA,,,GM
12B,2018,July,24,4,11:51,Syrphid,1,,,GM
12B,2018,July,24,4,11:51,Syrphid,1,,,GM
9UB,2018,July,24,4,11:56,Syrphid,2,,,GM
8UB,2018,July,24,4,11:58,NA,NA,,,GM
5UB,2018,July,24,4,11:59,NA,NA,,,GM
4UB,2018,July,24,4,12:01,NA,NA,,,GM
6UB,2018,July,24,4,12:02,NA,NA,,,GM
3UB,2018,July,24,4,12:03,NA,NA,,,GM
2UB,2018,July,24,4,12:05,NA,NA,,,GM
1UB,2018,July,24,4,12:08,Augochlorini,1,,,GM
1UB,2018,July,24,4,12:08,Syrphid,2,,,GM
1UB,2018,July,24,4,12:08,Syrphid,1,,,GM
32UB,2018,July,24,4,12:10,Bombus bimaculatus,1,,,GM
31UB,2018,July,24,4,12:12,Syrphid,1,,,GM
30UB,2018,July,11,1,13:39,NA,NA,,GP,AK
28UB,2018,July,11,1,13:41,NA,NA,,GP,AK
23UB,2018,July,11,1,13:43,NA,NA,,GP,AK
21UB,2018,July,11,1,13:44,NA,NA,,GP,AK
24UB,2018,July,11,1,13:46,NA,NA,,GP,AK
29UB,2018,July,11,1,13:47,NA,NA,,GP,AK
20UB,2018,July,11,1,13:58,NA,NA,,GP,AK
18UB,2018,July,11,1,13:59,NA,NA,,GP,AK
16UB,2018,July,11,1,14:00,NA,NA,,GP,AK
19UB,2018,July,11,1,14:01,NA,NA,,GP,AK
20B,2018,July,11,1,14:15,NA,NA,,GP,AK
16B,2018,July,11,1,14:18,NA,NA,,GP,AK
12B,2018,July,11,1,14:20,NA,NA,,GP,AK
9B,2018,July,11,1,14:58,NA,NA,new time,GP,AK
7UB,2018,July,11,1,14:36,NA,NA,,GP,AK
5UB,2018,July,11,1,14:37,NA,NA,,GP,AK
2UB,2018,July,11,1,14:38,NA,NA,,GP,AK
10UB,2018,July,11,1,14:39,NA,NA,,GP,AK
9UB,2018,July,16,2,13:29,NA,NA,,AR,AK
4UB,2018,July,16,2,13:31,NA,NA,,AR,AK
2UB,2018,July,16,2,13:32,NA,NA,,AR,AK
10UB,2018,July,16,2,13:34,NA,NA,,AR,AK
1UB,2018,July,16,2,13:36,NA,NA,,AR,AK
5UB,2018,July,16,2,13:38,Bombus griseocolis,2,B. gris,AR,AK
7UB,2018,July,16,2,13:39,Bombus griseocolis,3,Maybe damaged by beetles,AR,AK
8UB,2018,July,16,2,13:40,NA,NA,1 flower open,AR,AK
4B,2018,July,16,2,13:47,NA,NA,,AR,AK
7B,2018,July,16,2,13:49,NA,NA,4 flowers open,AR,AK
8B,2018,July,16,2,13:51,NA,NA,,AR,AK
9B,2018,July,16,2,13:52,Dialictus,2,,AR,AK
5B,2018,July,16,2,13:54,NA,NA,,AR,AK
2B,2018,July,16,2,13:56,NA,NA,,AR,AK
1B,2018,July,16,2,13:57,NA,NA,,AR,AK
10B,2018,July,16,2,13:59,NA,NA,,AR,AK
6B,2018,July,16,2,14:00,NA,NA,,AR,AK
12B,2018,July,16,2,14:08,NA,NA,B. gris visited 3 leafs before I started,AR,AK
20B,2018,July,16,2,14:10,NA,NA,,AR,AK
19B,2018,July,16,2,14:13,NA,NA,,AR,AK
16B,2018,July,16,2,14:15,Bombus griseocolis,2,,AR,AK
11B,2018,July,16,2,14:18,NA,NA,,AR,AK
30UB,2018,July,16,2,13:32,NA,NA,,GP,AK
25UB,2018,July,16,2,13:34,NA,NA,,GP,AK
29UB,2018,July,16,2,13:35,NA,NA,,GP,AK
22UB,2018,July,16,2,13:37,NA,NA,,GP,AK
21UB,2018,July,16,2,13:39,NA,NA,,GP,AK
24UB,2018,July,16,2,13:40,NA,NA,,GP,AK
23UB,2018,July,16,2,13:41,NA,NA,,GP,AK
28UB,2018,July,16,2,13:42,NA,NA,,GP,AK
19UB,2018,July,16,2,13:56,NA,NA,,GP,AK
20UB,2018,July,16,2,13:58,NA,NA,,GP,AK
18UB,2018,July,16,2,14:00,NA,NA,,GP,AK
12UB,2018,July,16,2,14:02,NA,NA,,GP,AK
11UB,2018,July,16,2,14:03,NA,NA,,GP,AK
16UB,2018,July,16,2,14:05,Syrphid,1,big (spl),GP,AK
15UB,2018,July,16,2,14:07,NA,NA,,GP,AK
25B,2018,July,16,2,14:26,NA,NA,,GP,AK
24B,2018,July,16,2,14:28,NA,NA,,GP,AK
30UB,2018,July,24,4,11:34,NA,NA,beetle present,GP,AK
48B,2018,August,7,8,8:51,NA,NA,No pollen visible,AR,ED
46B,2018,August,7,8,8:55,NA,NA,,AR,ED
36B,2018,August,7,8,9:01,NA,NA,,AR,ED
43B,2018,August,7,8,9:03,Syrphid,1,medium flat yellow black abdomen,AR,ED
46B,2018,August,7,8,9:08,NA,NA,"hoverlfy on flowerhead, not stigma/anther",AR,ED
48B,2018,August,7,8,9:09,NA,NA,,AR,ED
36B,2018,August,7,8,9:14,NA,NA,,AR,ED
43B,2018,August,7,8,9:15,Syrphid,2,medium flat yellow black abdomen,AR,ED
48B,2018,August,7,8,9:25,NA,NA,,AR,ED
46B,2018,August,7,8,9:28,NA,NA,,AR,ED
43B,2018,August,7,8,9:32,Syrphid,1,medium flat black and yellow abdomen,AR,ED
36B,2018,August,7,8,9:33,NA,NA,,AR,ED
29B,2018,July,24,4,12:03,NA,NA,,AR,AK
30B,2018,July,24,4,12:04,NA,NA,,AR,AK
36UB,2018,July,24,4,12:13,Megachile,1,latimanus male,AR,AK
36UB,2018,July,24,4,12:13,Syrphid,1,small yellow,AR,AK
35UB,2018,July,24,4,12:14,Syrphid,1,"small black, bee like",AR,AK
11UB,2018,July,24,4,12:16,Syrphid,3,"cantharid present, small black and yellow",AR,AK
37UB,2018,July,24,4,11:36,Syrphid,1,small yellow,AR,AK
37UB,2018,July,24,4,11:36,Syrphid,1,small yellow,AR,AK
38UB,2018,July,24,4,11:38,NA,NA,,AR,AK
27UB,2018,July,24,4,11:40,NA,NA,beetle present,AR,AK
26UB,2018,July,24,4,11:42,NA,NA,,AR,AK
25UB,2018,July,24,4,11:43,NA,NA,,AR,AK
27B,2018,July,24,4,11:47,NA,NA,cantharid,AR,AK
38B,2018,July,24,4,11:49,NA,NA,,AR,AK
37B,2018,July,24,4,11:52,Syrphid,1,small yellow,AR,AK
37B,2018,July,24,4,11:52,Syrphid,1,small yellow,AR,AK
37B,2018,July,24,4,11:52,Syrphid,1,small yellow,AR,AK
23B,2018,July,24,4,11:53,NA,NA,,AR,AK
25B,2018,July,24,4,11:55,NA,NA,,AR,AK
22B,2018,July,24,4,11:57,NA,NA,,AR,AK
21B,2018,July,24,4,11:58,NA,NA,,AR,AK
39B,2018,July,24,4,12:01,Syrphid,2,small yellow,AR,AK
39B,2018,July,24,4,12:01,Syrphid,1,small yellow,AR,AK
14UB,2018,July,24,4,12:18,NA,NA,,AR,AK
34UB,2018,July,24,4,12:20,NA,NA,,AR,AK
15UB,2018,July,24,4,12:21,NA,NA,,AR,AK
17UB,2018,July,24,4,12:24,NA,NA,beetle herbivory,AR,AK
19UB,2018,July,24,4,12:28,NA,NA,,AR,AK
39UB,2018,July,24,4,10:34,Syrphid,1,"hoverfly, small black, bee-like",AR,AK
25B,2018,July,24,4,10:39,Syrphid,1,small yellow,AR,AK
37B,2018,July,24,4,10:40,NA,NA,,AR,AK
26B,2018,July,24,4,10:43,Syrphid,1,small yellow,AR,AK
26B,2018,July,24,4,10:43,Syrphid,1,small yellow,AR,AK
26B,2018,July,24,4,10:43,Dialictus,1,cantharid beetle present,AR,AK
38B,2018,July,24,4,10:45,NA,NA,,AR,AK
27B,2018,July,24,4,10:46,Dialictus,1,,AR,AK
30B,2018,July,24,4,10:50,Dialictus,1,,AR,AK
30B,2018,July,24,4,10:50,Syrphid,1,small yellow,AR,AK
29B,2018,July,24,4,10:52,Dialictus,1,,AR,AK
39B,2018,July,24,4,10:54,NA,NA,,AR,AK
22B,2018,July,24,4,10:56,NA,NA,,AR,AK
27B,2018,July,24,4,10:57,NA,NA,beetles present,AR,AK
19UB,2018,July,24,4,11:05,NA,NA,,AR,AK
27UB,2018,August,7,8,9:38,Syrphid,1,small,GP,ED
41UB,2018,August,7,8,9:39,Syrphid,1,small,GP,ED
41UB,2018,August,7,8,9:39,Syrphid,2,small,GP,ED
41UB,2018,August,7,8,9:39,Syrphid,1,small,GP,ED
38UB,2018,August,7,8,9:41,Syrphid,1,small,GP,ED
42B,2018,August,7,8,9:44,NA,NA,,GP,ED
39B,2018,August,7,8,9:46,NA,NA,,GP,ED
40B,2018,August,7,8,9:48,NA,NA,,GP,ED
40B,2018,August,7,8,9:00,NA,NA,,GP,ED
39B,2018,August,7,8,9:03,NA,NA,,GP,ED
42B,2018,August,7,8,9:06,NA,NA,,GP,ED
41B,2018,August,7,8,NA,NA,NA,No flowers,GP,ED
38UB,2018,August,7,8,9:25,NA,NA,,GP,ED
27UB,2018,August,7,8,9:26,Syrphid,1,small,GP,ED
41UB,2018,August,7,8,9:28,Syrphid,2,small,GP,ED
34UB,2018,August,7,8,NA,NA,NA,no flowers,GP,ED
33UB,2018,August,2,7,9:18,NA,NA,,GP,ED
48UB,2018,August,2,7,9:23,NA,NA,,GP,ED
48B,2018,August,2,7,9:27,NA,NA,,GP,ED
31B,2018,August,2,7,9:33,NA,NA,,GP,ED
4B,2018,August,2,7,9:35,NA,NA,,GP,ED
3B,2018,August,2,7,9:38,Lasioglossum,1,,GP,ED
32B,2018,August,2,7,9:39,Syrphid,1,,GP,ED
33B,2018,August,2,7,9:41,NA,NA,,GP,ED
47B,2018,August,2,7,9:43,NA,NA,,GP,ED
16B,2018,August,2,7,9:51,NA,NA,,GP,ED
35B,2018,August,2,7,9:53,NA,NA,,GP,ED
19B,2018,August,2,7,9:55,Syrphid,1,,GP,ED
44B,2018,August,2,7,9:57,NA,NA,,GP,ED
43B,2018,August,2,7,9:59,NA,NA,,GP,ED
34B,2018,August,2,7,10:00,NA,NA,,GP,ED
36B,2018,August,2,7,10:03,NA,NA,,GP,ED
45B,2018,August,2,7,10:43,Syrphid,1,"forgot to do at round 1, so redid it at 10:43",GP,ED
32UB,2018,August,2,7,11:05,Syrphid,1,,GP,ED
48UB,2018,August,2,7,11:07,NA,NA,,GP,ED
33UB,2018,August,2,7,11:09,Syrphid,1,,GP,ED
45B,2018,August,2,7,11:14,Syrphid,1,,GP,ED
34B,2018,August,2,7,11:17,Lasioglossum,1,,GP,ED
36B,2018,August,2,7,11:19,NA,NA,,GP,ED
43B,2018,August,2,7,11:21,NA,NA,,GP,ED
44B,2018,August,2,7,11:23,NA,NA,,GP,ED
19B,2018,August,2,7,11:24,Syrphid,1,,GP,ED
19B,2018,August,2,7,11:24,Syrphid,1,,GP,ED
35B,2018,August,2,7,11:26,Syrphid,1,,GP,ED
16B,2018,August,2,7,11:28,NA,NA,,GP,ED
33B,2018,August,2,7,11:32,NA,NA,,GP,ED
32B,2018,August,2,7,11:33,Syrphid,1,,GP,ED
3B,2018,August,2,7,11:34,Lasioglossum,3,,GP,ED
3B,2018,August,2,7,11:34,Syrphid,2,,GP,ED
47B,2018,August,2,7,11:36,NA,NA,,GP,ED
31B,2018,August,2,7,11:38,Syrphid,1,,GP,ED
4B,2018,August,2,7,11:39,NA,NA,,GP,ED
46B,2018,August,2,7,11:41,NA,NA,flowers just bloomed,GP,ED
48B,2018,August,2,7,11:42,Lasioglossum,1,,GP,ED
35UB,2018,July,24,4,11:23,NA,NA,first bloom July 25 or 23; AR checked note 13 Feb 2019,AR,AK//AR
39UB,2018,July,24,4,11:26,Syrphid,1,small yellow,AR,AK
24UB,2018,July,24,4,11:27,Syrphid,1,small yellow,AR,AK
22UB,2018,July,24,4,11:29,NA,NA,,AR,AK
28UB,2018,July,24,4,11:33,Syrphid,3,small yellow,AR,AK
28UB,2018,July,24,4,11:33,Syrphid,3,,AR,AK
29UB,2018,July,24,4,11:30,NA,NA,,AR,AK
17UB,2018,July,24,4,11:07,NA,NA,,AR,AK
15UB,2018,July,24,4,11:10,Syrphid,1,small black and yellow,AR,AK
34UB,2018,July,24,4,11:12,NA,NA,beetles present,AR,AK
14UB,2018,July,24,4,11:15,Syrphid,2,small yellow,AR,AK
11UB,2018,July,24,4,11:18,Dialictus,2,beetles present/dialictus visited withered flowers,AR,AK
36UB,2018,July,24,4,11:20,Megachile,1,megachile latimanus male,AR,AK
36UB,2018,July,24,4,11:20,Dialictus,1,,AR,AK
37UB,2018,July,24,4,8:46,NA,NA,,AR,ED
30UB,2018,July,24,4,8:48,NA,NA,,AR,ED
28UB,2018,July,24,4,8:50,Syrphid,2,,AR,ED
28UB,2018,July,24,4,8:50,Syrphid,1,,AR,ED
38UB,2018,July,24,4,NA,NA,NA,,AR,ED
27UB,2018,July,24,4,NA,NA,NA,,AR,ED
26UB,2018,July,24,4,NA,NA,NA,,AR,ED
25UB,2018,July,24,4,NA,NA,NA,,AR,ED
29UB,2018,July,24,4,NA,NA,NA,,AR,ED
22UB,2018,July,24,4,NA,NA,NA,,AR,ED
23UB,2018,July,24,4,NA,NA,NA,done flowering,AR,ED
21UB,2018,July,24,4,NA,NA,NA,done flowering,AR,ED
24UB,2018,July,24,4,9:08,NA,NA,no visits in bloom,AR,ED
39UB,2018,July,24,4,9:09,NA,NA,,AR,ED
36UB,2018,July,24,4,9:15,NA,NA,,AR,ED
35UB,2018,July,24,4,9:19,Syrphid,1,,AR,ED
35UB,2018,July,24,4,9:19,Syrphid,1,,AR,ED
11UB,2018,July,24,4,9:21,NA,NA,beetle present,AR,ED
12UB,2018,July,24,4,NA,NA,NA,done flowering,AR,ED
18UB,2018,July,24,4,NA,NA,NA,done flowering,AR,ED
14UB,2018,July,24,4,9:24,Syrphid,1,weevil present,AR,ED
16UB,2018,July,24,4,NA,NA,NA,done flowering,AR,ED
15UB,2018,July,24,4,9:30,Dialictus,3,,AR,ED
15UB,2018,July,24,4,9:30,Augochlorini,4,,AR,ED
15UB,2018,July,24,4,9:30,Syrphid,1,,AR,ED
34UB,2018,July,24,4,9:28,NA,NA,no visits in bloom,AR,ED
13UB,2018,July,24,4,NA,NA,NA,pre flowering,AR,ED
17UB,2018,July,24,4,9:34,NA,NA,,AR,ED
20UB,2018,July,24,4,NA,NA,NA,done flowering,AR,ED
19UB,2018,July,24,4,9:26,NA,NA,,AR,ED
21B,2018,July,24,4,9:45,NA,NA,,AR,ED
22B,2018,July,24,4,9:45,NA,NA,,AR,ED
25B,2018,July,24,4,9:47,NA,NA,,AR,ED
23B,2018,July,24,4,9:48,NA,NA,,AR,ED
24B,2018,July,24,4,NA,NA,NA,done flowering,AR,ED
26B,2018,July,24,4,9:50,Dialictus,1,full duration,AR,ED
26B,2018,July,24,4,9:50,Syrphid,1,small yellow; all today prev small yellow,AR,ED
38B,2018,July,24,4,9:53,Syrphid,1,small yellow,AR,ED
27B,2018,July,24,4,9:55,Dialictus,1,cantharid present,AR,ED
28B,2018,July,24,4,NA,NA,NA,pre flowering,AR,ED
30B,2018,July,24,4,9:58,Syrphid,2,small yellow,AR,ED
29B,2018,July,24,4,10,Dialictus,1,B28,AR,ED
29B,2018,July,24,4,10,Syrphid,2,small yellow,AR,ED
39B,2018,July,24,4,10:02,Syrphid,1,small yellow; noted first bloom was July 24 or 23; AR note check 13Feb2019 ,AR,ED
37B,2018,July,24,4,10:05,Syrphid,1,small yellow; noted first bloom was July 24 or 23; AR note check 13Feb2019 ,AR,ED
25UB,2018,July,24,4,10:10,NA,NA,,AR,ED
26UB,2018,July,24,4,10:12,Syrphid,1,,AR,ED
27UB,2018,July,24,4,10:14,NA,NA,,AR,ED
38UB,2018,July,24,4,10:16,NA,NA,,AR,ED
37UB,2018,July,24,4,10:20,NA,NA,,AR,ED
30UB,2018,July,24,4,10:21,NA,NA,,AR,ED
28UB,2018,July,24,4,10:23,Dialictus,2,,AR,ED
28UB,2018,July,24,4,10:23,Syrphid,2,small yellow,AR,ED
28UB,2018,July,24,4,10:23,Syrphid,1,small yellow,AR,ED
28UB,2018,July,24,4,10:23,Dialictus,2,,AR,ED
22UB,2018,July,24,4,10:27,NA,NA,1 flower open,AR,ED
24UB,2018,July,24,4,10:29,Syrphid,1,small yellow,AR,ED
29UB,2018,July,24,4,10:30,NA,NA,,AR,ED
24B,2018,July,16,2,8:40,NA,NA,no bees,GP,ED
25B,2018,July,16,2,8:46,Syrphid,1,big black and yellow striped (1),GP,ED
25B,2018,July,16,2,8:46,Syrphid,3,small (tox?) (2),GP,ED
30UB,2018,July,16,2,9:15,NA,NA,no bees,GP,ED
28UB,2018,July,16,2,9:16,Syrphid,2,small (tox?) (2),GP,ED
22UB,2018,July,16,2,9:17,Syrphid,7,big black and yellow striped (1),GP,ED
22UB,2018,July,16,2,9:17,Syrphid,2,sp 2,GP,ED
23UB,2018,July,16,2,9:18,Megachile,2,,GP,ED
23UB,2018,July,16,2,9:18,Syrphid,5,sp 2,GP,ED
23UB,2018,July,16,2,9:18,Syrphid,3,sp 3 (small orangish ab);AR checked note 13Feb2019,GP,ED//AR
23UB,2018,July,16,2,9:18,Syrphid,4,sp 2,GP,ED
23UB,2018,July,16,2,9:18,Syrphid,4,sp 2,GP,ED
23UB,2018,July,16,2,9:18,Syrphid,2,sp 2,GP,ED
21UB,2018,July,16,2,9:20,Syrphid,5,sp 2,GP,ED
24UB,2018,July,16,2,9:22,Syrphid,2,sp 2,GP,ED
29UB,2018,July,16,2,9:24,NA,NA,no bees,GP,ED
25UB,2018,July,16,2,9:25,NA,NA,no bees,GP,ED
19UB,2018,July,16,2,10:08,NA,NA,no bees,GP,ED
15UB,2018,July,16,2,10:10,Bombus griseocolis,10,gris,GP,ED
15UB,2018,July,16,2,10:10,Augochlorini,2,,GP,ED
15UB,2018,July,16,2,10:10,Lasioglossum,2,moved around head 1.5 times,GP,ED
16UB,2018,July,16,2,10:13,Syrphid,3,sp 2,GP,ED
18UB,2018,July,16,2,10:15,Syrphid,3,sp 2,GP,ED
18UB,2018,July,16,2,10:15,Syrphid,2,sp 2,GP,ED
11UB,2018,July,16,2,10:20,Syrphid,2,sp 3,GP,ED
12UB,2018,July,16,2,10:22,NA,NA,no bees,GP,ED
20UB,2018,July,16,2,10:30,Syrphid,4,sp 2,GP,ED
20UB,2018,July,16,2,10:30,Syrphid,1,sp 2,GP,ED
20UB,2018,July,16,2,10:30,Syrphid,2,sp 2,GP,ED
9UB,2018,July,16,2,8:40,NA,NA,,AR,GM
7UB,2018,July,16,2,8:41,Dialictus,1,beetles present,AR,GM
5UB,2018,July,16,2,8:41,Syrphid,1,,AR,GM
4UB,2018,July,16,2,8:41,Dialictus,1,augochlora nearby a Dala,AR,GM
2UB,2018,July,16,2,8:41,Dialictus,1,,AR,GM
2UB,2018,July,16,2,8:41,Syrphid,2,,AR,GM
10UB,2018,July,16,2,8:56,NA,NA,,AR,GM
1UB,2018,July,16,2,8:59,Dialictus,1,,AR,GM
1B,2018,July,16,2,9:43,Dialictus,1,,AR,GM
10B,2018,July,16,2,9:43,Dialictus,1,,AR,GM
10B,2018,July,16,2,9:43,Dialictus,2,,AR,GM
10B,2018,July,16,2,9:43,Dialictus,3,,AR,GM
6B,2018,July,16,2,9:43,Dialictus,1,,AR,GM
6B,2018,July,16,2,9:43,Dialictus,2,,AR,GM
4B,2018,July,16,2,9:52,NA,NA,,AR,GM
2B,2018,July,16,2,9:53,Dialictus,1,,AR,GM
7B,2018,July,16,2,9:55,Augochlorini,2,,AR,GM
7B,2018,July,16,2,9:56,Bombus griseocolis,1,,AR,GM
8B,2018,July,16,2,9:59,Bombus griseocolis,1,,AR,GM
8B,2018,July,16,2,9:59,Dialictus,1,,AR,GM
8B,2018,July,16,2,9:59,Syrphid,1,,AR,GM
8B,2018,July,16,2,9:59,Syrphid,1,,AR,GM
9B,2018,July,16,2,10:00,Bombus griseocolis,4,,AR,GM
9B,2018,July,16,2,10:00,Bombus griseocolis,4,,AR,GM
9B,2018,July,16,2,10:00,Dialictus,2,,AR,GM
9B,2018,July,16,2,10:00,Dialictus,2,,AR,GM
9B,2018,July,16,2,10:00,Syrphid,1,,AR,GM
5B,2018,July,16,2,10:04,Bombus griseocolis,6,,AR,GM
5B,2018,July,16,2,10:04,Dialictus,4,,AR,GM
12B,2018,July,16,2,10:53,Syrphid,1,marked stems of leads to pull from,AR,GM
11B,2018,July,16,2,10:58,Dialictus,1,,AR,GM
16B,2018,July,16,2,11:05,Dialictus,2,lasioglossum adm? Bronze,AR,GM
16B,2018,July,16,2,11:05,Dialictus,1,,AR,GM
19B,2018,July,16,2,11:10,Syrphid,1,,AR,GM
20B,2018,July,16,2,11:15,NA,NA,"no visits, but dialictus neighboring Dala",AR,GM
9UB,2018,July,16,2,11:50,NA,NA,,AR,GM
7UB,2018,July,16,2,11:51,NA,NA,,AR,GM
5UB,2018,July,16,2,11:52,NA,NA,,AR,GM
1UB,2018,July,16,2,11:56,Syrphid,1,,AR,GM
10UB,2018,July,16,2,11:58,NA,NA,,AR,GM
2UB,2018,July,16,2,12:01,NA,NA,,AR,GM
4UB,2018,July,16,2,12:02,NA,NA,,AR,GM
10B,2018,July,16,2,12:07,NA,NA,,AR,GM
2B,2018,July,16,2,12:08,NA,NA,,AR,GM
4B,2018,July,16,2,12:09,Dialictus,3,,AR,GM
5B,2018,July,16,2,12:12,NA,NA,,AR,GM
9B,2018,July,16,2,12:13,Syrphid,1,,AR,GM
9B,2018,July,16,2,12:13,Syrphid,1,,AR,GM
9B,2018,July,16,2,12:13,Dialictus,4,,AR,GM
7B,2018,July,16,2,12:15,Dialictus,1,,AR,GM
1B,2018,July,16,2,12:16,NA,NA,,AR,GM
6B,2018,July,16,2,12:18,Bombus bimaculatus,3,,AR,GM
6B,2018,July,16,2,12:18,Syrphid,2,,AR,GM
6B,2018,July,16,2,12:18,Syrphid,1,,AR,GM
18UB,2018,July,16,2,11:00,NA,NA,,GP,GM
12UB,2018,July,16,2,11:01,Syrphid,1,sp 2,GP,GM
12UB,2018,July,16,2,11:01,Syrphid,3,sp 2,GP,GM
12UB,2018,July,16,2,11:01,Syrphid,1,sp 2,GP,GM
11UB,2018,July,16,2,11:02,NA,NA,,GP,GM
15UB,2018,July,16,2,11:04,Augochlorini,22,,GP,GM
15UB,2018,July,16,2,11:04,Dialictus,15,,GP,GM
16UB,2018,July,16,2,11:06,Syrphid,3,sp 2,GP,GM
20UB,2018,July,16,2,11:07,NA,NA,,GP,GM
19UB,2018,July,16,2,11:19,NA,NA,,GP,GM
25UB,2018,July,16,2,11:24,NA,NA,,GP,GM
29UB,2018,July,16,2,11:26,NA,NA,,GP,GM
24UB,2018,July,16,2,11:28,Syrphid,3,sp 2,GP,GM
22UB,2018,July,16,2,11:29,Syrphid,2,sp 2,GP,GM
22UB,2018,July,16,2,11:29,Syrphid,8,sp 2,GP,GM
23UB,2018,July,16,2,11:30,Lasioglossum,8,,GP,GM
23UB,2018,July,16,2,11:30,Syrphid,3,sp 2,GP,GM
21UB,2018,July,16,2,11:31,Augochlorini,2,,GP,GM
30UB,2018,July,16,2,11:32,NA,NA,,GP,GM
28UB,2018,July,16,2,11:33,Syrphid,2,sp 2,GP,GM
25B,2018,July,16,2,11:40,NA,NA,,GP,GM
24B,2018,July,16,2,11:42,NA,NA,,GP,GM
12B,2018,July,16,2,11:51,NA,NA,,GP,GM
11B,2018,July,16,2,11:53,Syrphid,18,sp 2,GP,GM
11B,2018,July,16,2,11:53,Syrphid,12,sp 2,GP,GM
16B,2018,July,16,2,11:56,Lasioglossum,4,,GP,GM
19B,2018,July,16,2,11:58,NA,NA,,GP,GM
20B,2018,July,16,2,12:02,NA,NA,,GP,GM
8B,2018,July,16,2,12:15,NA,NA,,GP,GM
24UB,2018,July,11,1,11:25,NA,NA,,AR,GM
21UB,2018,July,11,1,11:26,NA,NA,,AR,GM
23UB,2018,July,11,1,11:27,Dialictus,2,,AR,GM
30UB,2018,July,11,1,11:28,NA,NA,1 female dialictus flying and walking on grass,AR,GM
29UB,2018,July,11,1,11:30,NA,NA,,AR,GM
28UB,2018,July,11,1,11:32,Dialictus,1,,AR,GM
28UB,2018,July,11,1,11:32,Syrphid,1,,AR,GM
28UB,2018,July,11,1,11:32,Syrphid,1,,AR,GM
20UB,2018,July,11,1,11:36,Syrphid,1,,AR,GM
18UB,2018,July,11,1,11:38,NA,NA,,AR,GM
16UB,2018,July,11,1,11:40,NA,NA,,AR,GM
19UB,2018,July,11,1,11:42,NA,NA,,AR,GM
20B,2018,July,11,1,11:57,NA,NA,,AR,GM
16B,2018,July,11,1,11:59,NA,NA,,AR,GM
12B,2018,July,11,1,12:04,Augochlorini,3,,AR,GM
12B,2018,July,11,1,12:04,Syrphid,1,,AR,GM
9B,2018,July,11,1,12:15,NA,NA,,AR,GM
7UB,2018,July,11,1,12:20,Syrphid,1,,AR,GM
5UB,2018,July,11,1,12:22,Syrphid,1,,AR,GM
2UB,2018,July,11,1,12:28,NA,NA,,AR,GM
10UB,2018,July,11,1,12:33,NA,NA,,AR,GM
10B,2018,July,18,2,8:55,Lasioglossum,2,,GLP,GM
6B,2018,July,18,2,8:57,Bombus bimaculatus,2,,GLP,GM
6B,2018,July,18,2,8:57,Lasioglossum,1,,GLP,GM
1B,2018,July,18,2,8:58,NA,NA,,GLP,GM
2B,2018,July,18,2,8:59,Lasioglossum,2,,GLP,GM
2B,2018,July,18,2,8:59,Syrphid,1,small (tax?),GLP,GM
4B,2018,July,18,2,9:02,Syrphid,1,small (tax?),GLP,GM
7B,2018,July,18,2,9:04,Lasioglossum,1,,GLP,GM
7B,2018,July,18,2,9:04,Lasioglossum,1,,GLP,GM
8B,2018,July,18,2,9:07,NA,NA,,GLP,GM
9B,2018,July,18,2,9:09,Lasioglossum,2,,GLP,GM
9B,2018,July,18,2,9:09,Lasioglossum,1,,GLP,GM
9B,2018,July,18,2,9:09,Syrphid,2,small,GLP,GM
9B,2018,July,18,2,9:09,Syrphid,3,small,GLP,GM
9B,2018,July,18,2,9:09,Bombus bimaculatus,5,,GLP,GM
9B,2018,July,18,2,9:09,Bombus bimaculatus,10,,GLP,GM
5B,2018,July,18,2,9:11,Lasioglossum,2,,GLP,GM
3B,2018,July,18,2,NA,NA,NA,no open flowers,GLP,GM
9UB,2018,July,18,2,9:16,NA,NA,,GLP,GM
8UB,2018,July,18,2,9:17,NA,NA,,GLP,GM
4UB,2018,July,18,2,9:19,NA,NA,,GLP,GM
3UB,2018,July,18,2,NA,NA,NA,no open flowers,GLP,GM
6UB,2018,July,18,2,NA,NA,NA,no open flowers,GLP,GM
2UB,2018,July,18,2,9:22,NA,NA,,GLP,GM
10UB,2018,July,18,2,NA,NA,NA,finished blooming,GLP,GM
1UB,2018,July,18,2,9:25,NA,NA,,GLP,GM
7UB,2018,July,18,2,9:28,Lasioglossum,1,,GLP,GM
7UB,2018,July,18,2,9:28,Syrphid,1,bigger than one I saw on burned side. black w/ yellow stripes on ab,GLP,GM
5UB,2018,July,18,2,9:30,Syrphid,1,medium/large yellow & black striped,GLP,GM
24B,2018,July,18,2,9:59,Syrphid,1,,AR,GM
23B,2018,July,18,2,10:00,NA,NA,spider on one flower,AR,GM
22B,2018,July,18,2,10:04,NA,NA,,AR,GM
25B,2018,July,18,2,10:05,Syrphid,1,small,AR,GM
15UB,2018,July,18,2,10:12,NA,NA,,AR,GM
13UB,2018,July,18,2,10:13,NA,NA,,AR,GM
17UB,2018,July,18,2,10:15,NA,NA,,AR,GM
16UB,2018,July,18,2,10:17,Syrphid,1,small,AR,GM
18UB,2018,July,18,2,10:19,NA,NA,,AR,GM
2UB,2018,July,18,2,10:22,NA,NA,,AR,GM
11UB,2018,July,18,2,10:23,NA,NA,,AR,GM
20UB,2018,July,18,2,10:25,NA,NA,,AR,GM
29UB,2018,July,18,2,10:28,Syrphid,1,small,AR,GM
22UB,2018,July,18,2,10:35,NA,NA,,AR,GM
24UB,2018,July,18,2,10:37,NA,NA,,AR,GM
21UB,2018,July,18,2,10:40,NA,NA,,AR,GM
19UB,2018,July,18,2,10:48,NA,NA,,AR,GM
23UB,2018,July,18,2,10:51,NA,NA,,AR,GM
28UB,2018,July,18,2,10:53,Dialictus,2,,AR,GM
27UB,2018,July,18,2,10:55,NA,NA,,AR,GM
30UB,2018,July,18,2,10:57,NA,NA,,AR,GM
26UB,2018,July,18,2,10:59,NA,NA,,AR,GM
25UB,2018,July,18,2,11:00,NA,NA,,AR,GM
22B,2018,July,18,2,11:04,NA,NA,,AR,GM
25B,2018,July,18,2,11:05,Dialictus,3,,AR,GM
23B,2018,July,18,2,11:07,NA,NA,,AR,GM
24B,2018,July,18,2,11:10,NA,NA,,AR,GM
27B,2018,July,18,2,11:17,Syrphid,2,,AR,GM
30B,2018,July,18,2,11:13,NA,NA,,AR,GM
15B,2018,July,18,2,9:37,NA,NA,only 1 flower open,GLP,GM
14B,2018,July,18,2,NA,NA,NA,No open flowers,GLP,GM
13B,2018,July,18,2,NA,NA,NA,No open flowers,GLP,GM
11B,2018,July,18,2,9:40,NA,NA,,GLP,GM
12B,2018,July,18,2,9:42,NA,NA,,GLP,GM
17B,2018,July,18,2,9:45,NA,NA,,GLP,GM
18B,2018,July,18,2,NA,NA,NA,No open flowers,GLP,GM
16B,2018,July,18,2,9:50,Bombus impatiens,2,,GLP,GM
19B,2018,July,18,2,9:54,NA,NA,,GLP,GM
20B,2018,July,18,2,10:02,Lasioglossum,1,,GLP,GM
17B,2018,July,18,2,10:09,NA,NA,,GLP,GM
12B,2018,July,18,2,10:12,Syrphid,2,small (tax?),GLP,GM
11B,2018,July,18,2,10:14,Lasioglossum,2,,GLP,GM
11B,2018,July,18,2,10:14,Lasioglossum,1,,GLP,GM
15B,2018,July,18,2,10:15,NA,NA,,GLP,GM
20B,2018,July,18,2,10:19,Syrphid,2,small (tax?),GLP,GM
19B,2018,July,18,2,10:21,NA,NA,,GLP,GM
16B,2018,July,18,2,10:23,NA,NA,,GLP,GM
5B,2018,July,18,2,10:27,Bombus impatiens,2,,GLP,GM
5B,2018,July,18,2,10:27,Lasioglossum,1,,GLP,GM
1B,2018,July,18,2,10:30,Syrphid,2,,GLP,GM
1B,2018,July,18,2,10:30,Syrphid,1,,GLP,GM
4B,2018,July,18,2,10:32,NA,NA,,GLP,GM
2B,2018,July,18,2,10:33,NA,NA,,GLP,GM
10B,2018,July,18,2,10:35,NA,NA,,GLP,GM
6B,2018,July,18,2,10:37,Lasioglossum,1,,GLP,GM
6B,2018,July,18,2,10:37,Lasioglossum,1,,GLP,GM
7B,2018,July,18,2,10:39,NA,NA,,GLP,GM
8B,2018,July,18,2,10:41,NA,NA,,GLP,GM
9B,2018,July,18,2,10:43,Lasioglossum,2,,GLP,GM
2UB,2018,July,18,2,10:48,NA,NA,,GLP,GM
5UB,2018,July,18,2,10:51,NA,NA,,GLP,GM
4UB,2018,July,18,2,10:52,NA,NA,,GLP,GM
8UB,2018,July,18,2,10:55,NA,NA,,GLP,GM
9UB,2018,July,18,2,10:58,NA,NA,,GLP,GM
1UB,2018,July,18,2,11:00,NA,NA,,GLP,GM
7UB,2018,July,18,2,11:02,NA,NA,,GLP,GM
5UB,2018,July,18,2,11:08,NA,NA,,GLP,GM
8UB,2018,July,18,2,11:10,NA,NA,,GLP,GM
2UB,2018,July,18,2,11:12,NA,NA,,GLP,GM
4UB,2018,July,18,2,11:14,NA,NA,,GLP,GM
1UB,2018,July,18,2,11:16,NA,NA,,GLP,GM
7UB,2018,July,18,2,11:18,NA,NA,,GLP,GM
9UB,2018,July,18,2,11:19,NA,NA,,GLP,GM
10B,2018,July,18,2,11:25,NA,NA,,GLP,GM
11B,2018,July,18,2,11:28,Lasioglossum,1,,GLP,GM
17B,2018,July,18,2,11:30,NA,NA,,GLP,GM
16B,2018,July,18,2,11:32,NA,NA,,GLP,GM
19B,2018,July,18,2,11:35,NA,NA,,GLP,GM
15B,2018,July,18,2,11:37,NA,NA,,GLP,GM
12B,2018,July,18,2,11:40,Syrphid,1,,GLP,GM
8B,2018,July,18,2,11:54,Syrphid,1,,GLP,GM
7B,2018,July,18,2,11:56,NA,NA,,GLP,GM
4B,2018,July,18,2,11:57,Syrphid,1,,GLP,GM
6B,2018,July,18,2,11:59,Lasioglossum,1,,GLP,GM
10B,2018,July,18,2,12:01,NA,NA,,GLP,GM
1B,2018,July,18,2,12:02,NA,NA,,GLP,GM
2B,2018,July,18,2,12:04,NA,NA,,GLP,GM
9B,2018,July,18,2,12:07,NA,NA,,GLP,GM
5B,2018,July,18,2,12:09,Lasioglossum,2,,GLP,GM
5B,2018,July,18,2,12:09,Syrphid,1,,GLP,GM
22B,2018,July,18,2,8:58,Dialictus,2,,AR,GM
25B,2018,July,18,2,8:59,NA,NA,,AR,GM
23B,2018,July,18,2,9:01,NA,NA,,AR,GM
24B,2018,July,18,2,9:02,NA,NA,,AR,GM
30B,2018,July,18,2,9:03,Syrphid,1,,AR,GM
27B,2018,July,18,2,9:05,Dialictus,1,,AR,GM
27B,2018,July,18,2,9:05,Syrphid,1,large,AR,GM
20UB,2018,July,18,2,9:15,Syrphid,2,small,AR,GM
18UB,2018,July,18,2,9:17,NA,NA,,AR,GM
11UB,2018,July,18,2,9:18,NA,NA,,AR,GM
12UB,2018,July,18,2,9:20,NA,NA,,AR,GM
16UB,2018,July,18,2,9:22,NA,NA,,AR,GM
15UB,2018,July,18,2,9:24,NA,NA,,AR,GM
17UB,2018,July,18,2,9:27,NA,NA,,AR,GM
19UB,2018,July,18,2,9:29,NA,NA,,AR,GM
30UB,2018,July,18,2,0:36,NA,NA,,AR,GM
28UB,2018,July,18,2,9:37,Dialictus,1,,AR,GM
28UB,2018,July,18,2,9:37,Bombus bimaculatus,1,or vagans? check book,AR,GM
27UB,2018,July,18,2,9:40,NA,NA,,AR,GM
26UB,2018,July,18,2,9:41,Syrphid,1,small,AR,GM
25UB,2018,July,18,2,9:42,NA,NA,,AR,GM
29UB,2018,July,18,2,9:44,NA,NA,,AR,GM
22UB,2018,July,18,2,9:46,Syrphid,1,small,AR,GM
24UB,2018,July,18,2,9:48,Dialictus,3,,AR,GM
21UB,2018,July,18,2,9:49,NA,NA,,AR,GM
23UB,2018,July,18,2,9:51,Augochlorini,1,slight rain,AR,GM
27B,2018,July,18,2,9:54,NA,NA,,AR,GM
30B,2018,July,18,2,9:56,Syrphid,1,small,AR,GM
19UB,2018,July,18,2,11:22,Dialictus,3,,AR,GM
19UB,2018,July,18,2,11:22,Colletes,1,med black and grey bee,AR,GM
19UB,2018,July,18,2,11:22,Syrphid,2,small,AR,GM
17UB,2018,July,18,2,11:25,NA,NA,,AR,GM
15UB,2018,July,18,2,11:29,NA,NA,,AR,GM
16UB,2018,July,18,2,11:31,NA,NA,,AR,GM
18UB,2018,July,18,2,11:32,NA,NA,,AR,GM
12UB,2018,July,18,2,11:34,NA,NA,,AR,GM
11UB,2018,July,18,2,11:35,NA,NA,beetles eating plant,AR,GM
20UB,2018,July,18,2,11:37,NA,NA,,AR,GM
27UB,2018,July,18,2,11:42,NA,NA,,AR,GM
25UB,2018,July,18,2,11:43,NA,NA,,AR,GM
26UB,2018,July,18,2,11:45,NA,NA,,AR,GM
24UB,2018,July,18,2,11:47,NA,NA,,AR,GM
22UB,2018,July,18,2,11:49,NA,NA,beetle herbivory,AR,GM
29UB,2018,July,18,2,11:50,NA,NA,beetle herbivory,AR,GM
21UB,2018,July,18,2,11:53,Syrphid,1,small yellow,AR,GM
23UB,2018,July,18,2,11:54,NA,NA,beetle herbivory,AR,GM
28UB,2018,July,18,2,11:56,NA,NA,,AR,GM
30UB,2018,July,18,2,11:58,NA,NA,,AR,GM
10B,2018,July,22,3,10:18,Dialictus,2,,AR,GM
6B,2018,July,22,3,10:20,small black fly,1,,AR,GM
1B,2018,July,22,3,10:22,Syrphid,1,small yellow,AR,GM
2B,2018,July,22,3,10:23,Dialictus,2,small yellow,AR,GM
2B,2018,July,22,3,10:23,Syrphid,1,small yellow,AR,GM
2B,2018,July,22,3,10:23,Syrphid,2,small yellow,AR,GM
2B,2018,July,22,3,10:23,Syrphid,1,small yellow,AR,GM
2B,2018,July,22,3,10:23,Syrphid,1,small yellow,AR,GM
4B,2018,July,22,3,10:25,Dialictus,3,,AR,GM
8UB,2018,July,22,3,10:33,NA,NA,,AR,GM
9UB,2018,July,22,3,10:35,NA,NA,,AR,GM
5UB,2018,July,22,3,10:36,NA,NA,,AR,GM
4UB,2018,July,22,3,10:38,NA,NA,,AR,GM
3UB,2018,July,22,3,10:39,NA,NA,,AR,GM
6UB,2018,July,22,3,10:41,NA,NA,,AR,GM
2UB,2018,July,22,3,10:42,NA,NA,,AR,GM
1UB,2018,July,22,3,10:44,NA,NA,beetles on some flowers,AR,GM
5UB,2018,July,22,3,10:47,NA,NA,,AR,GM
6UB,2018,July,22,3,10:48,Syrphid,1,small yellow,AR,GM
3UB,2018,July,22,3,10:50,Dialictus,1,,AR,GM
4UB,2018,July,22,3,10:51,NA,NA,,AR,GM
8UB,2018,July,22,3,10:53,NA,NA,,AR,GM
9UB,2018,July,22,3,10:54,NA,NA,,AR,GM
2UB,2018,July,22,3,10:56,NA,NA,,AR,GM
1UB,2018,July,22,3,10:58,Augochlorini,1,,AR,GM
20B,2018,July,22,3,11:28,Dialictus,1,brief pause becuase Gabby stung by wasp,AR,GM
19B,2018,July,22,3,11:30,NA,NA,,AR,GM
16B,2018,July,22,3,11:32,NA,NA,,AR,GM
18B,2018,July,22,3,11:34,NA,NA,,AR,GM
11B,2018,July,22,3,9:28,Dialictus,1,,AR,GM
13B,2018,July,22,3,9:30,Dialictus,1,,AR,GM
13B,2018,July,22,3,9:30,Syrphid,1,"small, yellow",AR,GM
14B,2018,July,22,3,9:31,NA,NA,,AR,GM
15B,2018,July,22,3,9:33,NA,NA,,AR,GM
17B,2018,July,22,3,9:35,NA,NA,,AR,GM
18B,2018,July,22,3,9:37,NA,NA,,AR,GM
16B,2018,July,22,3,9:39,NA,NA,,AR,GM
19B,2018,July,22,3,9:41,NA,NA,,AR,GM
20B,2018,July,22,3,9:43,NA,NA,,AR,GM
12B,2018,July,22,3,9:45,NA,NA,,AR,GM
11B,2018,July,22,3,9:47,Dialictus,1,whole time,AR,GM
11B,2018,July,22,3,9:47,Syrphid,1,"long, yellow",AR,GM
11B,2018,July,22,3,9:47,Syrphid,1,"long, yellow",AR,GM
13B,2018,July,22,3,9:49,NA,NA,,AR,GM
14B,2018,July,22,3,9:51,Syrphid,1,"small, yellow",AR,GM
15B,2018,July,22,3,9:55,NA,NA,probably done,AR,GM
17B,2018,July,22,3,9:57,NA,NA,,AR,GM
18B,2018,July,22,3,9:58,NA,NA,,AR,GM
16B,2018,July,22,3,10:00,NA,NA,,AR,GM
19B,2018,July,22,3,10:02,NA,NA,,AR,GM
20B,2018,July,22,3,10:03,NA,NA,,AR,GM
7B,2018,July,22,3,10:10,NA,NA,,AR,GM
8B,2018,July,22,3,10:11,NA,NA,,AR,GM
3B,2018,July,22,3,10:13,Dialictus,1,,AR,GM
3B,2018,July,22,3,10:13,Syrphid,1,,AR,GM
3B,2018,July,22,3,10:13,Syrphid,1,,AR,GM
5B,2018,July,22,3,10:16,NA,NA,,AR,GM
9UB,2018,July,22,3,8:47,NA,NA,,AR,GM
8UB,2018,July,22,3,8:49,NA,NA,,AR,GM
5UB,2018,July,22,3,8:51,NA,NA,,AR,GM
4UB,2018,July,22,3,8:56,NA,NA,black beetles roaming around flowers,AR,GM
6UB,2018,July,22,3,8:58,Bombus griseocolis,2,"1 b. gris, 2 touches",AR,GM
3UB,2018,July,22,3,9:00,NA,NA,,AR,GM
2UB,2018,July,22,3,9:03,NA,NA,,AR,GM
1UB,2018,July,22,3,9:03,NA,NA,,AR,GM
10B,2018,July,22,3,9:08,Syrphid,1,"small, dark",AR,GM
10B,2018,July,22,3,9:08,Syrphid,1,"small, yellow",AR,GM
1B,2018,July,22,3,9:09,NA,NA,,AR,GM
6B,2018,July,22,3,9:10,Dialictus,2,,AR,GM
6B,2018,July,22,3,9:10,Syrphid,1,"small, yellow",AR,GM
2B,2018,July,22,3,9:12,Syrphid,3,"small, yellow all touches on same flower",AR,GM
2B,2018,July,22,3,9:12,Syrphid,2,"small, yellow all touches on same flower",AR,GM
4B,2018,July,22,3,9:15,Dialictus,1,,AR,GM
7B,2018,July,22,3,9:16,Dialictus,1,,AR,GM
8B,2018,July,22,3,19:18,NA,NA,,AR,GM
9B,2018,July,22,3,9:20,Dialictus,3,,AR,GM
9B,2018,July,22,3,9:20,Dialictus,3,,AR,GM
9B,2018,July,22,3,9:20,Dialictus,3,,AR,GM
9B,2018,July,22,3,9:20,Syrphid,3,,AR,GM
9B,2018,July,22,3,9:20,Syrphid,3,,AR,GM
5B,2018,July,22,3,9:22,Augochlorini,1,,AR,GM
5B,2018,July,22,3,9:22,Dialictus,1,,AR,GM
5B,2018,July,22,3,9:22,Syrphid,1,,AR,GM
3B,2018,July,22,3,9:23,Syrphid,1,,AR,GM
3B,2018,July,22,3,9:23,Syrphid,1,,AR,GM
12B,2018,July,22,3,9:24,Dialictus,5,beeltes on host flower heads,AR,GM
17B,2018,July,22,3,11:36,NA,NA,,AR,GM
15B,2018,July,22,3,11:39,NA,NA,,AR,GM
14B,2018,July,22,3,11:41,NA,NA,caterpillar covering itself in Dalea petiole,AR,GM
13B,2018,July,22,3,11:43,Syrphid,2,"small, yellow",AR,GM
11B,2018,July,22,3,11:44,NA,NA,lots of beetles --> weevils,AR,GM
12B,2018,July,22,3,11:46,NA,NA,lots of beetles eating flowers,AR,GM
5B,2018,July,22,3,11:50,Dialictus,1,,AR,GM
9B,2018,July,22,3,11:51,NA,NA,,AR,GM
3B,2018,July,22,3,11:52,Syrphid,1,medium-large yellow,AR,GM
8B,2018,July,22,3,11:54,NA,NA,,AR,GM
7B,2018,July,22,3,11:56,NA,NA,,AR,GM
4B,2018,July,22,3,11:58,NA,NA,,AR,GM
2B,2018,July,22,3,11:59,NA,NA,,AR,GM
1B,2018,July,22,3,12:02,NA,NA,,AR,GM
6B,2018,July,22,3,12:03,Syrphid,2,small yellow,AR,GM
10B,2018,July,22,3,12:04,NA,NA,,AR,GM
47B,2018,August,2,7,10:10,NA,NA,,GP,AK
31B,2018,August,2,7,10:12,NA,NA,,GP,AK
3B,2018,August,2,7,10:16,Lasioglossum,1,,GP,AK
3B,2018,August,2,7,10:16,Syrphid,1,,GP,AK
32B,2018,August,2,7,10:17,Lasioglossum,1,,GP,AK
33B,2018,August,2,7,10:19,NA,NA,,GP,AK
48B,2018,August,2,7,10:22,Lasioglossum,1,,GP,AK
48B,2018,August,2,7,10:22,Syrphid,1,,GP,AK
4B,2018,August,2,7,10:23,NA,NA,,GP,AK
45B,2018,August,2,7,10:28,Lasioglossum,1,,GP,AK
36B,2018,August,2,7,10:29,NA,NA,,GP,AK
34B,2018,August,2,7,10:31,NA,NA,,GP,AK
43B,2018,August,2,7,10:32,NA,NA,,GP,AK
44B,2018,August,2,7,10:33,NA,NA,,GP,AK
19B,2018,August,2,7,10:36,NA,NA,,GP,AK
35B,2018,August,2,7,10:38,Lasioglossum,1,,GP,AK
16B,2018,August,2,7,10:40,Syrphid,1,,GP,AK
48UB,2018,August,2,7,10:49,NA,NA,,GP,AK
32UB,2018,August,2,7,10:52,NA,NA,open for round 2,GP,AK
33UB,2018,August,2,7,10:54,NA,NA,,GP,AK
42B,2018,August,2,7,10:06,NA,NA,black beetlels,AR,AK
41B,2018,August,2,7,10:09,Syrphid,2,small yellow,AR,AK
26B,2018,August,2,7,10:11,NA,NA,seed weevils/gray beetles present,AR,AK
39B,2018,August,2,7,10:13,NA,NA,,AR,AK
20B,2018,August,2,7,10:15,NA,NA,1 flower no anthers,AR,AK
40B,2018,August,2,7,10:16,NA,NA,seed beetles,AR,AK
27B,2018,August,2,7,10:19,NA,NA,seed beetles,AR,AK
38B,2018,August,2,7,10:23,NA,NA,weevil,AR,AK
23B,2018,August,2,7,10:24,NA,NA,beetles,AR,AK
36UB,2018,August,2,7,10:32,NA,NA,beetles black,AR,AK
48UB,2018,August,2,7,10:34,Syrphid,1,beetles black,AR,AK
48UB,2018,August,2,7,10:34,Syrphid,1,beetles black,AR,AK
44UB,2018,August,2,7,10:36,NA,NA,,AR,AK
19UB,2018,August,2,7,10:38,NA,NA,,AR,AK
34UB,2018,August,2,7,10:40,NA,NA,,AR,AK
43UB,2018,August,2,7,10:41,NA,NA,,AR,AK
14UB,2018,August,2,7,10:44,NA,NA,,AR,AK
27UB,2018,August,2,7,10:49,Dialictus,2,flew to my hand!,AR,AK
27UB,2018,August,2,7,10:49,Dialictus,3,flew to my clipboard!,AR,AK
40UB,2018,August,2,7,10:50,NA,NA,,AR,AK
38UB,2018,August,2,7,10:51,Dialictus,1,,AR,AK
37UB,2018,August,2,7,10:54,NA,NA,,AR,AK
41UB,2018,August,2,7,10:56,Dialictus,1,,AR,AK
25UB,2018,August,2,7,10:58,NA,NA,,AR,AK
40B,2018,August,2,7,9:07,NA,NA,flowers just opened,AR,AK
39UB,2018,August,2,7,9:09,NA,NA,,AR,AK
41B,2018,August,2,7,9:12,NA,NA,,AR,AK
26B,2018,August,2,7,9:13,NA,NA,weevils on flowers,AR,AK
27B,2018,August,2,7,9:15,NA,NA,,AR,AK
38B,2018,August,2,7,9:18,Syrphid,1,small yellow,AR,AK
42B,2018,August,2,7,9:20,NA,NA,"black beetle, ate all anthers, stigma removed",AR,AK
23B,2018,August,2,7,9:22,NA,NA,"herbivory on anthers, some removed",AR,AK
37UB,2018,August,2,7,9:25,NA,NA,crab spider,AR,AK
38UB,2018,August,2,7,9:27,NA,NA,anther herbivory,AR,AK
40UB,2018,August,2,7,9:28,Dialictus,1,"~30 seconds, black small",AR,AK
27UB,2018,August,2,7,9:31,Dialictus,1,,AR,AK
25UB,2018,August,2,7,9:33,NA,NA,,AR,AK
41UB,2018,August,2,7,9:34,NA,NA,,AR,AK
19UB,2018,August,2,7,9:42,NA,NA,,AR,AK
36UB,2018,August,2,7,9:43,NA,NA,"beetles black, herbivory, stigma left",AR,AK
45UB,2018,August,2,7,9:45,Syrphid,2,"small black beetles, herbivory, small yellow",AR,AK
44UB,2018,August,2,7,9:48,NA,NA,,AR,AK
34UB,2018,August,2,7,9:53,NA,NA,,AR,AK
14UB,2018,August,2,7,9:55,NA,NA,flowers just opening,AR,AK
43UB,2018,August,2,7,9:56,NA,NA,"black beetle, herbivory",AR,AK
42B,2018,August,2,7,11:03,Dialictus,1,full duration,AR,AK
26B,2018,August,2,7,11:04,NA,NA,cantharid and seed beetles,AR,AK
41B,2018,August,2,7,11:06,Dialictus,2,,AR,AK
41B,2018,August,2,7,11:06,Dialictus,2,,AR,AK
41B,2018,August,2,7,11:06,Dialictus,2,,AR,AK
41B,2018,August,2,7,11:06,Syrphid,1,small yellow,AR,AK
41B,2018,August,2,7,11:06,Syrphid,2,small yellow,AR,AK
39B,2018,August,2,7,11:08,NA,NA,,AR,AK
29B,2018,August,2,7,11:10,NA,NA,flowers slightly open,AR,AK
30B,2018,August,2,7,11:11,NA,NA,1 flower with no anthers,AR,AK
40B,2018,August,2,7,11:13,NA,NA,,AR,AK
27B,2018,August,2,7,11:14,NA,NA,,AR,AK
38B,2018,August,2,7,11:16,NA,NA,cantharid visit full duration,AR,AK
23B,2018,August,2,7,11:18,NA,NA,seedweevils,AR,AK
37UB,2018,August,2,7,11:23,NA,NA,,AR,AK
38UB,2018,August,2,7,11:25,NA,NA,,AR,AK
40UB,2018,August,2,7,11:26,NA,NA,,AR,AK
27UB,2018,August,2,7,11:28,Dialictus,1,"inchworms on 2 flower heads, beetles full duration",AR,AK
41UB,2018,August,2,7,11:30,NA,NA,,AR,AK
25UB,2018,August,2,7,11:31,Syrphid,1,small yellow,AR,AK
45UB,2018,August,2,7,11:35,NA,NA,black beetles,AR,AK
44UB,2018,August,2,7,11:36,NA,NA,,AR,AK
36UB,2018,August,2,7,11:38,NA,NA,black beetles,AR,AK
34UB,2018,August,2,7,11:40,Syrphid,1,"small yellow, black beetle present",AR,AK
34UB,2018,August,2,7,11:40,Syrphid,1,"small yellow, black beetle present",AR,AK
43UB,2018,August,2,7,11:42,NA,NA,black beetles present,AR,AK
14UB,2018,August,2,7,11:45,NA,NA,beetles present,AR,AK
19UB,2018,August,2,7,11:47,NA,NA,,AR,AK
39B,2018,August,7,8,9:50,Syrphid,1,small,GP,AK
40B,2018,August,7,8,9:52,NA,NA,,GP,AK
42B,2018,August,7,8,9:54,Syrphid,1,small,GP,AK
38UB,2018,August,7,8,9:57,Syrphid,1,small,GP,AK
38UB,2018,August,7,8,9:57,Syrphid,1,small,GP,AK
27UB,2018,August,7,8,9:58,Syrphid,1,,GP,AK
27UB,2018,August,7,8,9:58,Syrphid,1,,GP,AK
41UB,2018,August,7,8,10:00,Syrphid,1,,GP,AK
41UB,2018,August,7,8,10:00,Syrphid,1,,GP,AK
41UB,2018,August,7,8,10:00,Syrphid,1,,GP,AK
41UB,2018,August,7,8,10:00,Syrphid,1,,GP,AK
13B,2018,July,30,6,10:23,NA,NA,Alan called it senesced,JCF,GM
36B,2018,July,30,6,10:27,NA,NA,,JCF,GM
34B,2018,July,30,6,10:29,Augochlorini,1,green sweat bee,JCF,GM
45B,2018,July,30,6,10:33,Lasioglossum,1,,JCF,GM
17B,2018,July,30,6,10:36,NA,NA,long horn beetle all up in the flower,JCF,GM
18B,2018,July,30,6,10:38,NA,NA,,JCF,GM
35B,2018,July,30,6,10:40,NA,NA,,JCF,GM
16B,2018,July,30,6,10:43,NA,NA,,JCF,GM
43B,2018,July,30,6,10:46,NA,NA,senesced,JCF,GM
44B,2018,July,30,6,10:47,NA,NA,,JCF,GM
19B,2018,July,30,6,10:50,NA,NA,,JCF,GM
14B,2018,July,30,6,10:55,NA,NA,,JCF,GM
9UB,2018,July,30,6,11:10,NA,NA,,JCF,GM
5UB,2018,July,30,6,11:12,NA,NA,,JCF,GM
3UB,2018,July,30,6,11:13,NA,NA,,JCF,GM
1UB,2018,July,30,6,11:15,NA,NA,,JCF,GM
31UB,2018,July,30,6,11:17,NA,NA,,JCF,GM
32UB,2018,July,30,6,11:19,Syrphid,1,,JCF,GM
47UB,2018,July,30,6,11:20,NA,NA,,JCF,GM
46UB,2018,July,30,6,11:22,NA,NA,,JCF,GM
33UB,2018,July,30,6,11:24,NA,NA,,JCF,GM
2UB,2018,July,30,6,11:26,NA,NA,,JCF,GM
48UB,2018,July,30,6,11:41,NA,NA,,JCF,GM
6B,2018,July,30,6,11:51,NA,NA,,JCF,GM
4B,2018,July,30,6,11:53,NA,NA,,JCF,GM
46B,2018,July,30,6,11:56,NA,NA,,JCF,GM
3B,2018,July,30,6,11:58,Augochlorini,3,green sweatbee,JCF,GM
3B,2018,July,30,6,11:58,Syrphid,1,,JCF,GM
33B,2018,July,30,6,11:59,NA,NA,,JCF,GM
32B,2018,July,30,6,12:01,NA,NA,,JCF,GM
9B,2018,July,30,6,NA,NA,NA,senesced,JCF,GM
31B,2018,July,30,6,12:05,NA,NA,,JCF,GM
46B,2018,July,30,6,12:07,NA,NA,duplicate to make up for missing 46 in round 1,JCF,GM
10B,2018,July,30,6,12:09,Syrphid,1,,JCF,GM
48B,2018,July,30,6,12:12,NA,NA,,JCF,GM
47B,2018,July,30,6,NA,NA,NA,flower head gone - stepped on?,JCF,GM
14B,2018,July,30,6,12:10,Lasioglossum,1,,JCF,GM
45B,2018,July,30,6,12:21,NA,NA,,JCF,GM
36B,2018,July,30,6,12:23,Syrphid,1,,JCF,GM
34B,2018,July,30,6,12:24,NA,NA,,JCF,GM
44B,2018,July,30,6,12:27,NA,NA,,JCF,GM
47UB,2018,July,30,6,9:18,Lasioglossum,1,,JCF,GM
32UB,2018,July,30,6,9:21,Syrphid,1,,JCF,GM
32UB,2018,July,30,6,9:20,Syrphid,1,,JCF,GM
32UB ,2018,July,30,6,9:20,Syrphid,1,,JCF,GM
5UB,2018,July,30,6,9:27,NA,NA,,JCF,GM
2UB,2018,July,30,6,9:28,NA,NA,,JCF,GM
31UB,2018,July,30,6,9:32,NA,NA,,JCF,GM
1UB,2018,July,30,6,9:34,Syrphid,1,,JCF,GM
33UB,2018,July,30,6,9:36,Lasioglossum,1,,JCF,GM
33UB,2018,July,30,6,9:36,Syrphid,1,,JCF,GM
32UB,2018,July,30,6,9:40,Syrphid,1,,JCF,GM
32UB,2018,July,30,6,9:40,Lasioglossum,1,duplicate - noted at 11:26 missed 48ub,JCF,GM
3UB,2018,July,30,6,9:42,Syrphid,1,,JCF,GM
9UB,2018,July,30,6,9:45,NA,NA,,JCF,GM
46UB,2018,July,30,6,9:48,NA,NA,,JCF,GM
47B,2018,July,30,6,9:55,NA,NA,,JCF,GM
32B,2018,July,30,6,9:57,Syrphid,1,,JCF,GM
3B,2018,July,30,6,10:00,Syrphid,1,,JCF,GM
3B,2018,July,30,6,10:00,Syrphid,1,,JCF,GM
4B,2018,July,30,6,10:01,NA,NA,,JCF,GM
48B,2018,July,30,6,10:04,NA,NA,,JCF,GM
10B,2018,July,30,6,10:06,NA,NA,,JCF,GM
31B,2018,July,30,6,10:08,Syrphid,1,,JCF,GM
31B,2018,July,30,6,10:08,Syrphid,1,,JCF,GM
9B,2018,July,30,6,10:10,NA,NA,,JCF,GM
32B,2018,July,30,6,10:12,Syrphid,1,duplicate,JCF,GM
32B,2018,July,30,6,10:12,Syrphid,1,,JCF,GM
33B,2018,July,30,6,10:13,Lasioglossum,1,,JCF,GM
6B,2018,July,30,6,10:18,Lasioglossum,2,,JCF,GM
6B,2018,July,30,6,10:18,Syrphid,1,,JCF,GM
19B,2018,July,30,6,12:30,NA,NA,,JCF,GM
35B,2018,July,30,6,12:32,NA,NA,,JCF,GM
16B,2018,July,30,6,12:34,Syrphid,1,,JCF,GM
18B,2018,July,30,6,12:36,Syrphid,1,,JCF,GM
17B,2018,July,30,6,12:32,NA,NA,,JCF,GM
